
INSERT INTO categories (Name, Description) VALUES
('Đồ uống', 'Các loại đồ uống như cà phê, trà, sinh tố, nước ép.'),
('Món ăn nhanh', 'Các món ăn nhanh như pizza, burger, khoai tây chiên, sandwich.'),
('Món chính', 'Các món ăn chính như cơm, phở, bún, mì, và các món đặc sản.'),
('Tráng miệng', 'Các món tráng miệng như bánh, kem, chè, sữa chua.'),
('Hải sản', 'Các món ăn từ hải sản như cua, tôm, mực, hàu nướng.'),
('Món nướng', 'Các món nướng như gà nướng, ba chỉ nướng, xiên que, cá nướng.'),
('Món lẩu', 'Các loại lẩu như lẩu Thái, lẩu hải sản, lẩu nấm chay.'),
('Món chay', 'Các món ăn chay như bún riêu chay, lẩu nấm chay, cơm chay.'),
('Bánh ngọt', 'Các loại bánh như bánh flan, bánh bông lan, bánh tart.'),
('Bánh mặn', 'Các loại bánh mặn như bánh mì kẹp, bánh xèo, bánh tráng trộn.'),
('Đồ ăn vặt', 'Các món ăn vặt như cá viên chiên, snack rong biển, khô gà.'),
('Món truyền thống', 'Các món đặc sản Việt Nam như bún bò Huế, bánh cuốn, xôi xéo.'),
('Súp & Cháo', 'Các món súp, cháo dinh dưỡng như cháo sườn, súp cua.'),
('Mì & Nui', 'Các món mì xào, mì cay, nui xào bò.'),
('Thức uống dinh dưỡng', 'Các loại sữa chua, nước detox, nước ép thiên nhiên.');



-- Chèn dữ liệu mới
INSERT INTO `shop` (`Name`, `Logo`, `Location`, `Owner`) VALUES
('Cà phê Hoàng Gia', 'assets/img/shop/cafe_hoang_gia.png', 'Hà Nội', 'Nguyễn Văn A'),
('Pizza Đại Phát', 'assets/img/shop/pizza_daiphat.png', 'TP. HCM', 'Trần Thị B'),
('Bún Bò Ngon', 'assets/img/shop/bun_bo_ngon.png', 'Đà Nẵng', 'Lê Hữu C'),
('Tráng Miệng 5 Sao', 'assets/img/shop/trang_mieng_5sao.png', 'Hải Phòng', 'Phạm Thị D'),
('Hải Sản Tươi Sống', 'assets/img/shop/hai_san_tuoi_song.png', 'Nha Trang', 'Đỗ Mạnh E'),
('BBQ Nướng Ngon', 'assets/img/shop/bbq_nuong_ngon.png', 'TP. HCM', 'Võ Hồng F'),
('Lẩu Đệ Nhất', 'assets/img/shop/lau_de_nhat.png', 'Huế', 'Hoàng Văn G'),
('Nhà Hàng Chay An Lạc', 'assets/img/shop/chay_an_lac.png', 'Đà Lạt', 'Nguyễn Hữu H'),
('Tiệm Bánh Ngọt Sài Gòn', 'assets/img/shop/banh_ngot_sg.png', 'TP. HCM', 'Trần Quỳnh I'),
('Quán Ăn Vặt Thanh Xuân', 'assets/img/shop/an_vat_thanh_xuan.png', 'Hà Nội', 'Phan Minh J');




-- Chèn dữ liệu sản phẩm mới, liên quan đến `categories` và `shop`
INSERT INTO `products` (`Name`, `Description`, `Price`, `StockQuantity`, `CategoryID`, `ShopID`) VALUES
-- Đồ uống (Cà phê Hoàng Gia - ShopID 1, CategoryID 1)
('Cà phê đen', 'Cà phê pha phin nguyên chất, đậm đà.', 25000, 100, 1, 1),
('Trà sữa trân châu', 'Trà sữa thơm ngon, trân châu dai giòn.', 35000, 80, 1, 1),
('Nước ép cam', 'Nước ép cam nguyên chất, không đường.', 30000, 90, 1, 1),

-- Món ăn nhanh (Pizza Đại Phát - ShopID 2, CategoryID 2)
('Pizza hải sản', 'Pizza với nhân tôm, mực, phô mai.', 150000, 40, 2, 2),
('Burger bò', 'Burger kẹp thịt bò tươi ngon, sốt đặc biệt.', 60000, 50, 2, 2),
('Khoai tây chiên', 'Khoai tây chiên giòn rụm, chấm sốt đặc biệt.', 30000, 100, 2, 2),

-- Món chính (Bún Bò Ngon - ShopID 3, CategoryID 3)
('Bún bò Huế', 'Bún bò truyền thống với nước dùng đậm đà.', 50000, 70, 3, 3),
('Cơm gà xối mỡ', 'Cơm gà giòn rụm, nước sốt đậm vị.', 60000, 60, 3, 3),
('Mì xào bò', 'Mì xào mềm dai với thịt bò và rau củ.', 55000, 65, 3, 3),

-- Tráng miệng (Tráng Miệng 5 Sao - ShopID 4, CategoryID 4)
('Bánh flan', 'Bánh flan mềm mịn, caramel thơm ngon.', 25000, 80, 4, 4),
('Kem dừa', 'Kem dừa mát lạnh, béo ngậy.', 40000, 75, 4, 4),
('Chè bưởi', 'Chè bưởi thanh mát, hạt bưởi giòn ngon.', 35000, 85, 4, 4),

-- Hải sản (Hải Sản Tươi Sống - ShopID 5, CategoryID 5)
('Tôm nướng muối ớt', 'Tôm nướng cay nồng, thơm ngon.', 180000, 30, 5, 5),
('Mực xào sa tế', 'Mực xào cay cay, hấp dẫn.', 150000, 40, 5, 5),
('Hàu nướng phô mai', 'Hàu tươi nướng với lớp phô mai béo ngậy.', 200000, 25, 5, 5),

-- Món nướng (BBQ Nướng Ngon - ShopID 6, CategoryID 6)
('Ba chỉ nướng', 'Thịt ba chỉ nướng sốt mật ong.', 120000, 50, 6, 6),
('Xiên que tổng hợp', 'Các loại xiên que nướng thơm ngon.', 90000, 60, 6, 6),
('Sườn nướng BBQ', 'Sườn nướng sốt BBQ đặc biệt.', 160000, 35, 6, 6),

-- Món lẩu (Lẩu Đệ Nhất - ShopID 7, CategoryID 7)
('Lẩu Thái chua cay', 'Lẩu Thái chua cay, hải sản tươi ngon.', 250000, 20, 7, 7),
('Lẩu bò nhúng dấm', 'Lẩu bò nhúng dấm chua thanh.', 230000, 25, 7, 7),
('Lẩu nấm chay', 'Lẩu nấm chay thanh đạm.', 200000, 30, 7, 7),

-- Món chay (Nhà Hàng Chay An Lạc - ShopID 8, CategoryID 8)
('Cơm chay thập cẩm', 'Cơm chay với nhiều món rau củ.', 50000, 40, 8, 8),
('Bún riêu chay', 'Bún riêu chay với nước dùng thanh ngọt.', 45000, 50, 8, 8),
('Gỏi cuốn chay', 'Gỏi cuốn rau củ, chấm sốt bơ đậu phộng.', 40000, 60, 8, 8),

-- Bánh ngọt (Tiệm Bánh Ngọt Sài Gòn - ShopID 9, CategoryID 9)
('Bánh bông lan trứng muối', 'Bánh bông lan trứng muối béo ngậy.', 70000, 45, 9, 9),
('Bánh mousse chanh dây', 'Bánh mousse chanh dây chua ngọt.', 60000, 50, 9, 9),
('Bánh tart phô mai', 'Bánh tart phô mai tan chảy.', 75000, 40, 9, 9),

-- Đồ ăn vặt (Quán Ăn Vặt Thanh Xuân - ShopID 10, CategoryID 11)
('Cá viên chiên', 'Cá viên chiên giòn, sốt me chua ngọt.', 30000, 100, 11, 10),
('Khô gà lá chanh', 'Khô gà lá chanh thơm ngon.', 45000, 80, 11, 10),
('Snack rong biển', 'Rong biển sấy giòn, vị cay nhẹ.', 35000, 90, 11, 10);



INSERT INTO `productimages` (`ProductID`, `ImageURL`, `CreatedAt`) VALUES
-- Đồ uống (Cà phê Hoàng Gia - ShopID 1)
(1, 'assets/img/product/capheden_1.jpg', NOW()),
(1, 'assets/img/product/capheden_2.jpg', NOW()),
(1, 'assets/img/product/capheden_3.jpg', NOW()),

(2, 'assets/img/product/trasuachanchau_1.jpg', NOW()),
(2, 'assets/img/product/trasuachanchau_2.jpg', NOW()),
(2, 'assets/img/product/trasuachanchau_3.jpg', NOW()),

(3, 'assets/img/product/nuocepcam_1.jpg', NOW()),
(3, 'assets/img/product/nuocepcam_2.jpg', NOW()),
(3, 'assets/img/product/nuocepcam_3.jpg', NOW()),

-- Món ăn nhanh (Pizza Đại Phát - ShopID 2)
(4, 'assets/img/product/pizzahaisan_1.jpg', NOW()),
(4, 'assets/img/product/pizzahaisan_2.jpg', NOW()),
(4, 'assets/img/product/pizzahaisan_3.jpg', NOW()),

(5, 'assets/img/product/burgerbo_1.jpg', NOW()),
(5, 'assets/img/product/burgerbo_2.jpg', NOW()),
(5, 'assets/img/product/burgerbo_3.jpg', NOW()),

(6, 'assets/img/product/khoaitaychien_1.jpg', NOW()),
(6, 'assets/img/product/khoaitaychien_2.jpg', NOW()),
(6, 'assets/img/product/khoaitaychien_3.jpg', NOW()),

-- Món chính (Bún Bò Ngon - ShopID 3)
(7, 'assets/img/product/bunbohue_1.jpg', NOW()),
(7, 'assets/img/product/bunbohue_2.jpg', NOW()),
(7, 'assets/img/product/bunbohue_3.jpg', NOW()),

(8, 'assets/img/product/comgaxoimo_1.jpg', NOW()),
(8, 'assets/img/product/comgaxoimo_2.jpg', NOW()),
(8, 'assets/img/product/comgaxoimo_3.jpg', NOW()),

(9, 'assets/img/product/mixaobo_1.jpg', NOW()),
(9, 'assets/img/product/mixaobo_2.jpg', NOW()),
(9, 'assets/img/product/mixaobo_3.jpg', NOW()),

-- Tráng miệng (Tráng Miệng 5 Sao - ShopID 4)
(10, 'assets/img/product/banhflan_1.jpg', NOW()),
(10, 'assets/img/product/banhflan_2.jpg', NOW()),
(10, 'assets/img/product/banhflan_3.jpg', NOW()),

(11, 'assets/img/product/kemdua_1.jpg', NOW()),
(11, 'assets/img/product/kemdua_2.jpg', NOW()),
(11, 'assets/img/product/kemdua_3.jpg', NOW()),

(12, 'assets/img/product/chebuoi_1.jpg', NOW()),
(12, 'assets/img/product/chebuoi_2.jpg', NOW()),
(12, 'assets/img/product/chebuoi_3.jpg', NOW()),

-- Hải sản (Hải Sản Tươi Sống - ShopID 5)
(13, 'assets/img/product/tomnuongmuoiot_1.jpg', NOW()),
(13, 'assets/img/product/tomnuongmuoiot_2.jpg', NOW()),
(13, 'assets/img/product/tomnuongmuoiot_3.jpg', NOW()),

(14, 'assets/img/product/mucxaosate_1.jpg', NOW()),
(14, 'assets/img/product/mucxaosate_2.jpg', NOW()),
(14, 'assets/img/product/mucxaosate_3.jpg', NOW()),

(15, 'assets/img/product/haunuongphomai_1.jpg', NOW()),
(15, 'assets/img/product/haunuongphomai_2.jpg', NOW()),
(15, 'assets/img/product/haunuongphomai_3.jpg', NOW()),

-- Món nướng (BBQ Nướng Ngon - ShopID 6)
(16, 'assets/img/product/bachinuong_1.jpg', NOW()),
(16, 'assets/img/product/bachinuong_2.jpg', NOW()),
(16, 'assets/img/product/bachinuong_3.jpg', NOW()),

(17, 'assets/img/product/xienquetonghop_1.jpg', NOW()),
(17, 'assets/img/product/xienquetonghop_2.jpg', NOW()),
(17, 'assets/img/product/xienquetonghop_3.jpg', NOW()),

(18, 'assets/img/product/suonnuongbbq_1.jpg', NOW()),
(18, 'assets/img/product/suonnuongbbq_2.jpg', NOW()),
(18, 'assets/img/product/suonnuongbbq_3.jpg', NOW()),

-- Món lẩu (Lẩu Đệ Nhất - ShopID 7)
(19, 'assets/img/product/lautthaichaocay_1.jpg', NOW()),
(19, 'assets/img/product/lautthaichaocay_2.jpg', NOW()),
(19, 'assets/img/product/lautthaichaocay_3.jpg', NOW()),

(20, 'assets/img/product/laubonhungdam_1.jpg', NOW()),
(20, 'assets/img/product/laubonhungdam_2.jpg', NOW()),
(20, 'assets/img/product/laubonhungdam_3.jpg', NOW()),

(21, 'assets/img/product/launamchay_1.jpg', NOW()),
(21, 'assets/img/product/launamchay_2.jpg', NOW()),
(21, 'assets/img/product/launamchay_3.jpg', NOW()),

-- Món chay (Nhà Hàng Chay An Lạc - ShopID 8)
(22, 'assets/img/product/comchaythapcam_1.jpg', NOW()),
(22, 'assets/img/product/comchaythapcam_2.jpg', NOW()),
(22, 'assets/img/product/comchaythapcam_3.jpg', NOW()),

(23, 'assets/img/product/bunrieuchay_1.jpg', NOW()),
(23, 'assets/img/product/bunrieuchay_2.jpg', NOW()),
(23, 'assets/img/product/bunrieuchay_3.jpg', NOW()),

(24, 'assets/img/product/goicuonchay_1.jpg', NOW()),
(24, 'assets/img/product/goicuonchay_2.jpg', NOW()),
(24, 'assets/img/product/goicuonchay_3.jpg', NOW()),

-- Bánh ngọt (Tiệm Bánh Ngọt Sài Gòn - ShopID 9)
(25, 'assets/img/product/banhbonglantrungmuoi_1.jpg', NOW()),
(25, 'assets/img/product/banhbonglantrungmuoi_2.jpg', NOW()),
(25, 'assets/img/product/banhbonglantrungmuoi_3.jpg', NOW()),

(26, 'assets/img/product/banhmousselanhday_1.jpg', NOW()),
(26, 'assets/img/product/banhmousselanhday_2.jpg', NOW()),
(26, 'assets/img/product/banhmousselanhday_3.jpg', NOW()),

(27, 'assets/img/product/banhtartphomai_1.jpg', NOW()),
(27, 'assets/img/product/banhtartphomai_2.jpg', NOW()),
(27, 'assets/img/product/banhtartphomai_3.jpg', NOW()),

-- Thêm hình ảnh cho 3 sản phẩm cuối (Quán Ăn Vặt Thanh Xuân - ShopID 10)
(28, 'assets/img/product/cavienchien_1.jpg', NOW()),
(28, 'assets/img/product/cavienchien_2.jpg', NOW()),
(28, 'assets/img/product/cavienchien_3.jpg', NOW()),

(29, 'assets/img/product/khogalachanh_1.jpg', NOW()),
(29, 'assets/img/product/khogalachanh_2.jpg', NOW()),
(29, 'assets/img/product/khogalachanh_3.jpg', NOW()),

(30, 'assets/img/product/snackrongbien_1.jpg', NOW()),
(30, 'assets/img/product/snackrongbien_2.jpg', NOW()),
(30, 'assets/img/product/snackrongbien_3.jpg', NOW());

-- shipper
INSERT INTO `shipper` (`FullName`, `Email`, `PhoneNumber`, `Status`) 
VALUES 
('Nguyễn Văn A', 'nguyenvana@example.com', '0987654321', 'Đang hoạt động');

INSERT INTO `customers` (`FullName`, `Email`, `Password`, `PhoneNumber`, `Address`, `BirthDate`, `Gender`, `CreatedAt`, `UpdatedAt`, `ProfileImage`, `IsVerify`) VALUES
('Nguyễn Văn An', 'nguyenvanan@example.com', 'acb5247f837fa3b652f43ddae7b521423b07e22afa3b8eab956eaa225f76b2738abe302744d53471e190fce3f43d96ae1aee9b747987a6a36b8aa7ce2a49bcd3', '0987654321', '123 Đường Chính, TP. Hồ Chí Minh', '1990-01-01', 'Male', '2025-02-18 23:22:03', '2025-02-21 00:17:57', 'assets/img/profile/product-12.jpg', 1),
('Trần Thị Bích', 'tranthibich@example.com', 'acb5247f837fa3b652f43ddae7b521423b07e22afa3b8eab956eaa225f76b2738abe302744d53471e190fce3f43d96ae1aee9b747987a6a36b8aa7ce2a49bcd3', '0987654322', '456 Đường Lê Lợi, TP. Hà Nội', '1992-05-15', 'Female', '2025-02-18 23:22:03', '2025-02-21 00:17:57', 'assets/img/profile/product-11.jpg', 1),
('Lê Hữu Minh', 'lehuuminh@example.com', 'acb5247f837fa3b652f43ddae7b521423b07e22afa3b8eab956eaa225f76b2738abe302744d53471e190fce3f43d96ae1aee9b747987a6a36b8aa7ce2a49bcd3', '0988765432', '789 Đường Nguyễn Huệ, TP. Đà Nẵng', '1985-02-20', 'Male', '2025-02-18 23:22:03', '2025-02-21 00:17:57', 'assets/img/profile/product-5.jpg', 1),
('Phạm Thị Lan', 'phamthilan@example.com', 'acb5247f837fa3b652f43ddae7b521423b07e22afa3b8eab956eaa225f76b2738abe302744d53471e190fce3f43d96ae1aee9b747987a6a36b8aa7ce2a49bcd3', '0977334455', '101 Đường Trần Phú, TP. Hải Phòng', '1993-07-30', 'Female', '2025-02-18 23:22:03', '2025-02-21 00:17:57', 'assets/img/profile/product-details-4.jpg', 1),
('Ngô Minh Hải', 'ngominhhai@example.com', 'acb5247f837fa3b652f43ddae7b521423b07e22afa3b8eab956eaa225f76b2738abe302744d53471e190fce3f43d96ae1aee9b747987a6a36b8aa7ce2a49bcd3', '0944223344', '102 Đường Võ Văn Kiệt, TP. Cần Thơ', '1987-11-11', 'Male', '2025-02-18 23:22:03', '2025-02-21 00:17:57', 'assets/img/profile/thumb-1.jpg', 1),
('Hoàng Thị Như Ý', 'hoangthinhuy@example.com', 'acb5247f837fa3b652f43ddae7b521423b07e22afa3b8eab956eaa225f76b2738abe302744d53471e190fce3f43d96ae1aee9b747987a6a36b8aa7ce2a49bcd3', '0933445566', '103 Đường Nguyễn Thị Minh Khai, TP. Nha Trang', '1995-09-25', 'Female', '2025-02-18 23:22:03', '2025-02-21 00:17:57', 'assets/img/profile/product-6.jpg', 1),
('Vũ Minh Tuấn', 'vuminhtuan@example.com', 'acb5247f837fa3b652f43ddae7b521423b07e22afa3b8eab956eaa225f76b2738abe302744d53471e190fce3f43d96ae1aee9b747987a6a36b8aa7ce2a49bcd3', '0922556677', '104 Đường Cách Mạng Tháng 8, TP. Huế', '1988-08-09', 'Male', '2025-02-18 23:22:03', '2025-02-21 00:17:57', 'assets/img/profile/product-10.jpg', 1),
('Đặng Thanh Hương', 'dangthanhhuong@example.com', 'acb5247f837fa3b652f43ddae7b521423b07e22afa3b8eab956eaa225f76b2738abe302744d53471e190fce3f43d96ae1aee9b747987a6a36b8aa7ce2a49bcd3', '0911667788', '105 Đường Điện Biên Phủ, TP. Đà Lạt', '1996-12-17', 'Female', '2025-02-18 23:22:03', '2025-02-21 00:17:57', 'assets/img/profile/thumb-3.jpg', 1),
('Trần Văn Long', 'tranvanlong@example.com', 'acb5247f837fa3b652f43ddae7b521423b07e22afa3b8eab956eaa225f76b2738abe302744d53471e190fce3f43d96ae1aee9b747987a6a36b8aa7ce2a49bcd3', '0908778899', '106 Đường Lý Tự Trọng, TP. Quảng Ngãi', '1994-04-23', 'Male', '2025-02-18 23:22:03', '2025-02-21 00:17:57', 'assets/img/profile/product-details-1.jpg', 1),
('Lê Văn Hùng', 'levanhung@example.com', 'acb5247f837fa3b652f43ddae7b521423b07e22afa3b8eab956eaa225f76b2738abe302744d53471e190fce3f43d96ae1aee9b747987a6a36b8aa7ce2a49bcd3', '0978111222', '108 Đường Lê Lai, TP. Hà Nội', '1985-06-20', 'Male', '2025-02-21 02:20:42', '2025-02-21 23:50:45', 'assets/img/profile/user1.jpg', 1),
('Nguyễn Thị Hằng', 'nguyenthihang@example.com', 'acb5247f837fa3b652f43ddae7b521423b07e22afa3b8eab956eaa225f76b2738abe302744d53471e190fce3f43d96ae1aee9b747987a6a36b8aa7ce2a49bcd3', '0978222333', '109 Đường Võ Văn Kiệt, TP. Hồ Chí Minh', '1993-03-15', 'Female', '2025-02-21 02:20:42', '2025-02-21 23:50:45', 'assets/img/profile/user2.jpg', 1),
('Phạm Minh Đức', 'phamminhduc@example.com', 'acb5247f837fa3b652f43ddae7b521423b07e22afa3b8eab956eaa225f76b2738abe302744d53471e190fce3f43d96ae1aee9b747987a6a36b8aa7ce2a49bcd3', '0978333444', '110 Đường Trần Hưng Đạo, TP. Đà Nẵng', '1991-09-12', 'Male', '2025-02-21 02:20:42', '2025-02-21 23:50:45', 'assets/img/profile/user3.jpg', 1),
('Trần Thị Mai', 'tranthimai@example.com', 'acb5247f837fa3b652f43ddae7b521423b07e22afa3b8eab956eaa225f76b2738abe302744d53471e190fce3f43d96ae1aee9b747987a6a36b8aa7ce2a49bcd3', '0978444555', '111 Đường Hoàng Văn Thụ, TP. Hải Phòng', '1998-05-30', 'Female', '2025-02-21 02:20:42', '2025-02-21 23:50:45', 'assets/img/profile/user4.jpg', 1),
('Lý Quốc Bảo', 'lyquocbao@example.com', 'acb5247f837fa3b652f43ddae7b521423b07e22afa3b8eab956eaa225f76b2738abe302744d53471e190fce3f43d96ae1aee9b747987a6a36b8aa7ce2a49bcd3', '0978555666', '112 Đường Phan Đình Phùng, TP. Huế', '1996-01-18', 'Male', '2025-02-21 02:20:42', '2025-02-21 23:50:45', 'assets/img/profile/user5.jpg', 1),
('Đinh Thị Huyền', 'dinhthihuyen@example.com', 'acb5247f837fa3b652f43ddae7b521423b07e22afa3b8eab956eaa225f76b2738abe302744d53471e190fce3f43d96ae1aee9b747987a6a36b8aa7ce2a49bcd3', '0978666777', '113 Đường Nguyễn Văn Cừ, TP. Cần Thơ', '1994-07-22', 'Female', '2025-02-21 02:20:42', '2025-02-21 23:50:45', 'assets/img/profile/user6.jpg', 1),
('Võ Hoàng Nam', 'vohoangnam@example.com', 'acb5247f837fa3b652f43ddae7b521423b07e22afa3b8eab956eaa225f76b2738abe302744d53471e190fce3f43d96ae1aee9b747987a6a36b8aa7ce2a49bcd3', '0978777888', '114 Đường Cách Mạng Tháng 8, TP. Vinh', '1989-02-28', 'Male', '2025-02-21 02:20:42', '2025-02-21 23:50:45', 'assets/img/profile/user7.jpg', 1),
('Lâm Thanh Phương', 'lamthanhphuong@example.com', 'acb5247f837fa3b652f43ddae7b521423b07e22afa3b8eab956eaa225f76b2738abe302744d53471e190fce3f43d96ae1aee9b747987a6a36b8aa7ce2a49bcd3', '0978888999', '115 Đường Nguyễn Thị Minh Khai, TP. Đà Lạt', '1997-11-09', 'Female', '2025-02-21 02:20:42', '2025-02-21 23:50:45', 'assets/img/profile/user8.jpg', 1),
('Bùi Văn Dũng', 'buivandung@example.com', 'acb5247f837fa3b652f43ddae7b521423b07e22afa3b8eab956eaa225f76b2738abe302744d53471e190fce3f43d96ae1aee9b747987a6a36b8aa7ce2a49bcd3', '0978999000', '116 Đường Lý Tự Trọng, TP. Quảng Ngãi', '1986-08-10', 'Male', '2025-02-21 02:20:42', '2025-02-21 23:50:45', 'assets/img/profile/user9.jpg', 1),
('Hoàng Minh Tuấn', 'hoangminhtuan@example.com', 'acb5247f837fa3b652f43ddae7b521423b07e22afa3b8eab956eaa225f76b2738abe302744d53471e190fce3f43d96ae1aee9b747987a6a36b8aa7ce2a49bcd3', '0987111222', '117 Đường Trường Chinh, TP. Hà Nội', '1990-12-05', 'Male', '2025-02-21 02:20:42', '2025-02-21 23:50:45', 'assets/img/profile/user11.jpg', 1),
('Trần Phương Linh', 'tranphuonglinh@example.com', 'acb5247f837fa3b652f43ddae7b521423b07e22afa3b8eab956eaa225f76b2738abe302744d53471e190fce3f43d96ae1aee9b747987a6a36b8aa7ce2a49bcd3', '0987222333', '118 Đường Nguyễn Huệ, TP. Hồ Chí Minh', '1995-07-19', 'Female', '2025-02-21 02:20:42', '2025-02-21 23:50:45', 'assets/img/profile/user12.jpg', 1);

INSERT INTO `orders` (`CustomerID`, `OrderDate`, `TotalAmount`, `Status`, `ShippingAddress`, `CreatedAt`, `UpdatedAt`, `ShipperID`) VALUES
(1, '2025-03-01 08:00:00', 25000, 'Đã giao', '123 Đường Chính, TP. Hồ Chí Minh', '2025-03-01 08:00:00', '2025-03-01 10:00:00', 1),
(1, '2025-03-01 10:15:00', 35000, 'Đã giao', '123 Đường Chính, TP. Hồ Chí Minh', '2025-03-01 10:15:00', '2025-03-01 12:30:00', 1),
(1, '2025-03-02 15:30:00', 30000, 'Đã giao', '123 Đường Chính, TP. Hồ Chí Minh', '2025-03-02 15:30:00', '2025-03-02 18:00:00', 1),
(1, '2025-03-03 09:45:00', 150000, 'Đã giao', '123 Đường Chính, TP. Hồ Chí Minh', '2025-03-03 09:45:00', '2025-03-03 11:30:00', 1),
(1, '2025-03-03 14:00:00', 60000, 'Đã giao', '123 Đường Chính, TP. Hồ Chí Minh', '2025-03-03 14:00:00', '2025-03-03 16:30:00', 1),
(1, '2025-03-04 18:45:00', 30000, 'Đã giao', '123 Đường Chính, TP. Hồ Chí Minh', '2025-03-04 18:45:00', '2025-03-04 21:00:00', 1),
(1, '2025-03-05 10:20:00', 50000, 'Đã giao', '123 Đường Chính, TP. Hồ Chí Minh', '2025-03-05 10:20:00', '2025-03-05 13:00:00', 1),
(1, '2025-03-06 20:15:00', 40000, 'Đã giao', '123 Đường Chính, TP. Hồ Chí Minh', '2025-03-06 20:15:00', '2025-03-06 23:00:00', 1),
(1, '2025-03-07 14:00:00', 35000, 'Đã giao', '123 Đường Chính, TP. Hồ Chí Minh', '2025-03-07 14:00:00', '2025-03-07 17:30:00', 1),
(1, '2025-03-08 16:10:00', 180000, 'Đã giao', '123 Đường Chính, TP. Hồ Chí Minh', '2025-03-08 16:10:00', '2025-03-08 18:45:00', 1),
(1, '2025-03-09 12:30:00', 120000, 'Đã giao', '123 Đường Chính, TP. Hồ Chí Minh', '2025-03-09 12:30:00', '2025-03-09 15:00:00', 1),
(1, '2025-03-10 09:45:00', 90000, 'Đã giao', '123 Đường Chính, TP. Hồ Chí Minh', '2025-03-10 09:45:00', '2025-03-10 12:15:00', 1),
(1, '2025-03-11 18:20:00', 250000, 'Đã giao', '123 Đường Chính, TP. Hồ Chí Minh', '2025-03-11 18:20:00', '2025-03-11 21:30:00', 1),
(1, '2025-03-12 14:50:00', 50000, 'Đã giao', '123 Đường Chính, TP. Hồ Chí Minh', '2025-03-12 14:50:00', '2025-03-12 17:10:00', 1),
(1, '2025-03-13 10:15:00', 50000, 'Đã giao', '123 Đường Chính, TP. Hồ Chí Minh', '2025-03-13 10:15:00', '2025-03-13 12:30:00', 1),
(1, '2025-03-14 12:45:00', 75000, 'Đã giao', '123 Đường Chính, TP. Hồ Chí Minh', '2025-03-14 12:45:00', '2025-03-14 15:30:00', 1),
(1, '2025-03-15 08:30:00', 100000, 'Đã giao', '123 Đường Chính, TP. Hồ Chí Minh', '2025-03-15 08:30:00', '2025-03-15 11:45:00', 1),
(1, '2025-03-16 15:00:00', 200000, 'Đã giao', '123 Đường Chính, TP. Hồ Chí Minh', '2025-03-16 15:00:00', '2025-03-16 18:15:00', 1),
(1, '2025-03-17 10:30:00', 160000, 'Đã giao', '123 Đường Chính, TP. Hồ Chí Minh', '2025-03-17 10:30:00', '2025-03-17 12:45:00', 1),
(1, '2025-03-18 14:40:00', 45000, 'Đã giao', '123 Đường Chính, TP. Hồ Chí Minh', '2025-03-18 14:40:00', '2025-03-18 17:00:00', 1),
(1, '2025-03-19 12:00:00', 150000, 'Đã giao', '123 Đường Chính, TP. Hồ Chí Minh', '2025-03-19 12:00:00', '2025-03-19 15:00:00', 1),
(1, '2025-03-20 16:50:00', 85000, 'Đã giao', '123 Đường Chính, TP. Hồ Chí Minh', '2025-03-20 16:50:00', '2025-03-20 19:30:00', 1),
(1, '2025-03-21 10:15:00', 120000, 'Đã giao', '123 Đường Chính, TP. Hồ Chí Minh', '2025-03-21 10:15:00', '2025-03-21 13:00:00', 1), 
(1, '2025-03-01 08:00:00', 25000, 'Đã giao', '123 Đường Chính, TP. Hồ Chí Minh', '2025-03-01 08:00:00', '2025-03-01 10:00:00', 1),
(1, '2025-03-01 10:15:00', 35000, 'Đã giao', '123 Đường Chính, TP. Hồ Chí Minh', '2025-03-01 10:15:00', '2025-03-01 12:30:00', 1),
(1, '2025-03-02 15:30:00', 30000, 'Đã giao', '123 Đường Chính, TP. Hồ Chí Minh', '2025-03-02 15:30:00', '2025-03-02 18:00:00', 1),
(1, '2025-03-03 09:45:00', 150000, 'Đã giao', '123 Đường Chính, TP. Hồ Chí Minh', '2025-03-03 09:45:00', '2025-03-03 11:30:00', 1),
(1, '2025-03-03 14:00:00', 60000, 'Đã giao', '123 Đường Chính, TP. Hồ Chí Minh', '2025-03-03 14:00:00', '2025-03-03 16:30:00', 1),
(1, '2025-03-04 18:45:00', 30000, 'Đã giao', '123 Đường Chính, TP. Hồ Chí Minh', '2025-03-04 18:45:00', '2025-03-04 21:00:00', 1),
(1, '2025-03-05 10:20:00', 50000, 'Đã giao', '123 Đường Chính, TP. Hồ Chí Minh', '2025-03-05 10:20:00', '2025-03-05 13:00:00', 1),
(1, '2025-03-06 20:15:00', 40000, 'Đã giao', '123 Đường Chính, TP. Hồ Chí Minh', '2025-03-06 20:15:00', '2025-03-06 23:00:00', 1),
(1, '2025-03-07 14:00:00', 35000, 'Đã giao', '123 Đường Chính, TP. Hồ Chí Minh', '2025-03-07 14:00:00', '2025-03-07 17:30:00', 1),
(1, '2025-03-08 16:10:00', 180000, 'Đã giao', '123 Đường Chính, TP. Hồ Chí Minh', '2025-03-08 16:10:00', '2025-03-08 18:45:00', 1),
(1, '2025-03-09 12:30:00', 120000, 'Đã giao', '123 Đường Chính, TP. Hồ Chí Minh', '2025-03-09 12:30:00', '2025-03-09 15:00:00', 1),
(1, '2025-03-10 09:45:00', 90000, 'Đã giao', '123 Đường Chính, TP. Hồ Chí Minh', '2025-03-10 09:45:00', '2025-03-10 12:15:00', 1),
(1, '2025-03-11 18:20:00', 250000, 'Đã giao', '123 Đường Chính, TP. Hồ Chí Minh', '2025-03-11 18:20:00', '2025-03-11 21:30:00', 1),
(1, '2025-03-12 14:50:00', 50000, 'Đã giao', '123 Đường Chính, TP. Hồ Chí Minh', '2025-03-12 14:50:00', '2025-03-12 17:10:00', 1),
(1, '2025-03-13 10:15:00', 50000, 'Đã giao', '123 Đường Chính, TP. Hồ Chí Minh', '2025-03-13 10:15:00', '2025-03-13 12:30:00', 1),
(1, '2025-03-14 12:45:00', 75000, 'Đã giao', '123 Đường Chính, TP. Hồ Chí Minh', '2025-03-14 12:45:00', '2025-03-14 15:30:00', 1),
(1, '2025-03-15 08:30:00', 100000, 'Đã giao', '123 Đường Chính, TP. Hồ Chí Minh', '2025-03-15 08:30:00', '2025-03-15 11:45:00', 1),
(1, '2025-03-16 15:00:00', 200000, 'Đã giao', '123 Đường Chính, TP. Hồ Chí Minh', '2025-03-16 15:00:00', '2025-03-16 18:15:00', 1),
(1, '2025-03-17 10:30:00', 160000, 'Đã giao', '123 Đường Chính, TP. Hồ Chí Minh', '2025-03-17 10:30:00', '2025-03-17 12:45:00', 1),
(1, '2025-03-18 14:40:00', 45000, 'Đã giao', '123 Đường Chính, TP. Hồ Chí Minh', '2025-03-18 14:40:00', '2025-03-18 17:00:00', 1),
(1, '2025-03-19 12:00:00', 150000, 'Đã giao', '123 Đường Chính, TP. Hồ Chí Minh', '2025-03-19 12:00:00', '2025-03-19 15:00:00', 1),
(1, '2025-03-20 16:50:00', 85000, 'Đã giao', '123 Đường Chính, TP. Hồ Chí Minh', '2025-03-20 16:50:00', '2025-03-20 19:30:00', 1),
(1, '2025-03-21 10:15:00', 120000, 'Đã giao', '123 Đường Chính, TP. Hồ Chí Minh', '2025-03-21 10:15:00', '2025-03-21 13:00:00', 1),  
(1, '2025-03-22 11:15:00', 130000, 'Đã giao', '123 Đường Chính, TP. Hồ Chí Minh', '2025-03-22 11:15:00', '2025-03-22 14:00:00', 1),
(1, '2025-03-23 16:30:00', 75000, 'Đã giao', '123 Đường Chính, TP. Hồ Chí Minh', '2025-03-23 16:30:00', '2025-03-23 18:45:00', 1),
(1, '2025-03-24 19:45:00', 200000, 'Đã giao', '123 Đường Chính, TP. Hồ Chí Minh', '2025-03-24 19:45:00', '2025-03-25 07:30:00', 1),
(1, '2025-03-25 09:00:00', 175000, 'Đã giao', '123 Đường Chính, TP. Hồ Chí Minh', '2025-03-25 09:00:00', '2025-03-25 12:15:00', 1),
(1, '2025-03-26 13:45:00', 125000, 'Đã giao', '123 Đường Chính, TP. Hồ Chí Minh', '2025-03-26 13:45:00', '2025-03-26 16:00:00', 1),
(1, '2025-03-27 17:10:00', 185000, 'Đã giao', '123 Đường Chính, TP. Hồ Chí Minh', '2025-03-27 17:10:00', '2025-03-27 19:30:00', 1),
(1, '2025-03-28 08:30:00', 95000, 'Đã giao', '123 Đường Chính, TP. Hồ Chí Minh', '2025-03-28 08:30:00', '2025-03-28 10:45:00', 1),
(1, '2025-03-29 14:20:00', 210000, 'Đã giao', '123 Đường Chính, TP. Hồ Chí Minh', '2025-03-29 14:20:00', '2025-03-29 17:00:00', 1),
(1, '2025-03-30 10:15:00', 115000, 'Đã giao', '123 Đường Chính, TP. Hồ Chí Minh', '2025-03-30 10:15:00', '2025-03-30 13:00:00', 1),
(1, '2025-03-31 19:30:00', 145000, 'Đã giao', '123 Đường Chính, TP. Hồ Chí Minh', '2025-03-31 19:30:00', '2025-03-31 21:45:00', 1),
(1, '2025-04-01 12:45:00', 85000, 'Đã giao', '123 Đường Chính, TP. Hồ Chí Minh', '2025-04-01 12:45:00', '2025-04-01 14:30:00', 1),
(1, '2025-04-02 16:15:00', 225000, 'Đã giao', '123 Đường Chính, TP. Hồ Chí Minh', '2025-04-02 16:15:00', '2025-04-02 18:45:00', 1),
(1, '2025-04-03 09:30:00', 175000, 'Đã giao', '123 Đường Chính, TP. Hồ Chí Minh', '2025-04-03 09:30:00', '2025-04-03 12:15:00', 1),
(1, '2025-04-04 11:45:00', 140000, 'Đã giao', '123 Đường Chính, TP. Hồ Chí Minh', '2025-04-04 11:45:00', '2025-04-04 14:00:00', 1);



INSERT INTO `orderdetails` (`OrderID`, `ProductID`, `Quantity`, `UnitPrice`, `SubTotal`) VALUES
(1, 1, 1, 25000, 25000),
(2, 2, 1, 35000, 35000),
(3, 3, 1, 30000, 30000),
(4, 4, 1, 150000, 150000),
(5, 5, 1, 60000, 60000),
(6, 6, 1, 30000, 30000),
(7, 7, 1, 50000, 50000),
(8, 8, 1, 40000, 40000),
(9, 9, 1, 35000, 35000),
(10, 10, 1, 180000, 180000),
(11, 11, 1, 120000, 120000),
(12, 12, 1, 90000, 90000),
(13, 13, 1, 250000, 250000),
(14, 14, 1, 50000, 50000),
(15, 15, 1, 50000, 50000),
(16, 16, 1, 75000, 75000),
(17, 17, 1, 100000, 100000),
(18, 18, 1, 200000, 200000),
(19, 19, 1, 160000, 160000),
(20, 20, 1, 45000, 45000),
(21, 21, 1, 150000, 150000),
(22, 22, 1, 85000, 85000),
(23, 23, 1, 120000, 120000),
(24, 24, 2, 25000, 50000),
(25, 25, 2, 35000, 70000),
(26, 26, 2, 30000, 60000),
(27, 27, 2, 150000, 300000),
(28, 28, 2, 60000, 120000),
(29, 29, 2, 30000, 60000),
(30, 30, 2, 50000, 100000),
(31, 1, 1, 25000, 25000),
(32, 2, 1, 35000, 35000),
(33, 3, 1, 30000, 30000),
(34, 4, 1, 150000, 150000),
(35, 5, 1, 60000, 60000),
(36, 6, 1, 30000, 30000),
(37, 7, 1, 50000, 50000),
(38, 8, 1, 40000, 40000),
(39, 9, 1, 35000, 35000),
(40, 10, 1, 180000, 180000),
(41, 11, 1, 120000, 120000),
(42, 12, 1, 90000, 90000),
(43, 13, 1, 250000, 250000),
(44, 14, 1, 50000, 50000),
(45, 15, 1, 50000, 50000),
(46, 16, 1, 75000, 75000),
(47, 17, 1, 100000, 100000),
(48, 18, 1, 200000, 200000),
(49, 19, 1, 160000, 160000),
(50, 20, 1, 45000, 45000),
(51, 21, 1, 150000, 150000),
(52, 22, 1, 85000, 85000),
(53, 23, 1, 120000, 120000),
(54, 24, 2, 25000, 50000),
(55, 25, 2, 35000, 70000),
(56, 26, 2, 30000, 60000),
(57, 27, 2, 150000, 300000),
(58, 28, 2, 60000, 120000),
(59, 29, 2, 30000, 60000),
(60, 30, 2, 50000, 100000);

INSERT INTO `productreviews` (`OrderDetailID`, `ProductID`, `CustomerID`, `Rating`, `Comment`, `ProductReviewsImage`, `CreatedAt`, `UpdatedAt`) VALUES
(1, 1, 1, 5, 'Cà phê đậm đà, thơm ngon!', 'assets/img/reviews/review-1.jpg', '2025-04-01 10:00:00', '2025-04-01 10:00:00'),
(2, 2, 2, 4, 'Trà sữa ngon nhưng hơi ngọt!', 'assets/img/reviews/review-2.jpg', '2025-04-02 12:00:00', '2025-04-02 12:00:00'),
(3, 3, 3, 5, 'Nước ép cam rất tươi mát!', 'assets/img/reviews/review-3.jpg', '2025-04-03 15:00:00', '2025-04-03 15:00:00'),
(4, 4, 4, 4, 'Pizza hải sản ngon nhưng hơi ít topping.', 'assets/img/reviews/review-4.jpg', '2025-04-04 18:30:00', '2025-04-04 18:30:00'),
(5, 5, 5, 5, 'Burger bò sốt đặc biệt rất ngon!', 'assets/img/reviews/review-5.jpg', '2025-04-05 14:00:00', '2025-04-05 14:00:00'),
(6, 6, 6, 5, 'Khoai tây chiên giòn và chấm sốt ngon.', 'assets/img/reviews/review-6.jpg', '2025-04-06 17:00:00', '2025-04-06 17:00:00'),
(7, 7, 7, 4, 'Bún bò Huế chuẩn vị, nước dùng đậm đà.', 'assets/img/reviews/review-7.jpg', '2025-04-07 11:00:00', '2025-04-07 11:00:00'),
(8, 8, 8, 3, 'Cơm gà xối mỡ ngon nhưng hơi khô.', 'assets/img/reviews/review-8.jpg', '2025-04-08 09:30:00', '2025-04-08 09:30:00'),
(9, 9, 9, 5, 'Mì xào bò rất thơm và không bị dai.', 'assets/img/reviews/review-9.jpg', '2025-04-09 13:15:00', '2025-04-09 13:15:00'),
(10, 10, 10, 4, 'Bánh flan mềm mịn, caramel rất thơm.', 'assets/img/reviews/review-10.jpg', '2025-04-10 16:45:00', '2025-04-10 16:45:00'),
(11, 11, 1, 5, 'Kem dừa béo ngậy, rất ngon!', 'assets/img/reviews/review-11.jpg', '2025-04-11 11:00:00', '2025-04-11 11:00:00'),
(12, 12, 2, 4, 'Chè bưởi ngon, vị thanh mát.', 'assets/img/reviews/review-12.jpg', '2025-04-12 14:20:00', '2025-04-12 14:20:00'),
(13, 13, 3, 5, 'Tôm nướng muối ớt siêu ngon, cay vừa miệng!', 'assets/img/reviews/review-13.jpg', '2025-04-13 18:00:00', '2025-04-13 18:00:00'),
(14, 14, 4, 3, 'Mực xào sa tế hơi mặn một chút.', 'assets/img/reviews/review-14.jpg', '2025-04-14 19:45:00', '2025-04-14 19:45:00'),
(15, 15, 5, 5, 'Hàu nướng phô mai tuyệt vời!', 'assets/img/reviews/review-15.jpg', '2025-04-15 20:30:00', '2025-04-15 20:30:00'),
(16, 16, 6, 5, 'Ba chỉ nướng ngon, thịt mềm!', 'assets/img/reviews/review-16.jpg', '2025-04-16 12:45:00', '2025-04-16 12:45:00'),
(17, 17, 7, 4, 'Xiên que tổng hợp đa dạng, ngon.', 'assets/img/reviews/review-17.jpg', '2025-04-17 14:30:00', '2025-04-17 14:30:00'),
(18, 18, 8, 3, 'Sườn nướng BBQ hơi khô, nhưng sốt ngon.', 'assets/img/reviews/review-18.jpg', '2025-04-18 16:10:00', '2025-04-18 16:10:00'),
(19, 19, 9, 5, 'Lẩu Thái chua cay đúng vị!', 'assets/img/reviews/review-19.jpg', '2025-04-19 18:30:00', '2025-04-19 18:30:00'),
(20, 20, 10, 5, 'Lẩu bò nhúng dấm ngon và không bị ngấy.', 'assets/img/reviews/review-20.jpg', '2025-04-20 20:15:00', '2025-04-20 20:15:00'),
(21, 21, 1, 5, 'Lẩu nấm chay thanh đạm, rất ngon.', 'assets/img/reviews/review-21.jpg', '2025-04-21 09:30:00', '2025-04-21 09:30:00'),
(22, 22, 2, 4, 'Cơm chay thập cẩm ngon, đồ ăn đa dạng.', 'assets/img/reviews/review-22.jpg', '2025-04-22 12:00:00', '2025-04-22 12:00:00'),
(23, 23, 3, 3, 'Bún riêu chay hơi nhạt nhưng đầy đủ topping.', 'assets/img/reviews/review-23.jpg', '2025-04-23 15:45:00', '2025-04-23 15:45:00'),
(24, 24, 4, 5, 'Gỏi cuốn chay ngon, sốt đậm vị!', 'assets/img/reviews/review-24.jpg', '2025-04-24 17:30:00', '2025-04-24 17:30:00'),
(25, 25, 5, 5, 'Bánh bông lan trứng muối béo ngậy.', 'assets/img/reviews/review-25.jpg', '2025-04-25 19:00:00', '2025-04-25 19:00:00'),
(26, 26, 6, 4, 'Bánh mousse chanh dây chua ngọt, ngon!', 'assets/img/reviews/review-26.jpg', '2025-04-26 11:45:00', '2025-04-26 11:45:00'),
(27, 27, 7, 5, 'Bánh tart phô mai tan chảy!', 'assets/img/reviews/review-27.jpg', '2025-04-27 14:15:00', '2025-04-27 14:15:00'),
(28, 28, 8, 5, 'Cá viên chiên giòn, sốt me ngon!', 'assets/img/reviews/review-28.jpg', '2025-04-28 16:00:00', '2025-04-28 16:00:00'),
(29, 29, 9, 4, 'Khô gà lá chanh ngon nhưng hơi cay.', 'assets/img/reviews/review-29.jpg', '2025-04-29 18:30:00', '2025-04-29 18:30:00'),
(30, 30, 10, 5, 'Snack rong biển thơm, giòn, ngon.', 'assets/img/reviews/review-30.jpg', '2025-04-30 20:45:00', '2025-04-30 20:45:00'),(31, 1, 2, 4, 'Cà phê hơi đậm nhưng vẫn ngon.', 'assets/img/reviews/review-31.jpg', '2025-05-01 10:00:00', '2025-05-01 10:00:00'),
(32, 2, 3, 5, 'Trà sữa rất ngon, không quá ngọt!', 'assets/img/reviews/review-32.jpg', '2025-05-02 12:00:00', '2025-05-02 12:00:00'),
(33, 3, 4, 3, 'Nước ép cam hơi chua so với khẩu vị của mình.', 'assets/img/reviews/review-33.jpg', '2025-05-03 15:00:00', '2025-05-03 15:00:00'),
(34, 4, 5, 5, 'Pizza hải sản ngon, lớp phô mai tan chảy!', 'assets/img/reviews/review-34.jpg', '2025-05-04 18:30:00', '2025-05-04 18:30:00'),
(35, 5, 6, 4, 'Burger bò khá ngon, nhưng hơi nhiều sốt.', 'assets/img/reviews/review-35.jpg', '2025-05-05 14:00:00', '2025-05-05 14:00:00'),
(36, 6, 7, 5, 'Khoai tây chiên nóng giòn, không bị ỉu.', 'assets/img/reviews/review-36.jpg', '2025-05-06 17:00:00', '2025-05-06 17:00:00'),
(37, 7, 8, 3, 'Bún bò hơi ít thịt, nhưng nước dùng ngon.', 'assets/img/reviews/review-37.jpg', '2025-05-07 11:00:00', '2025-05-07 11:00:00'),
(38, 8, 9, 5, 'Cơm gà xối mỡ giòn ngon, nước sốt rất hợp.', 'assets/img/reviews/review-38.jpg', '2025-05-08 09:30:00', '2025-05-08 09:30:00'),
(39, 9, 10, 5, 'Mì xào bò ngon, thịt mềm, sợi mì dai vừa phải.', 'assets/img/reviews/review-39.jpg', '2025-05-09 13:15:00', '2025-05-09 13:15:00'),
(40, 10, 1, 4, 'Bánh flan mịn, caramel rất vừa miệng.', 'assets/img/reviews/review-40.jpg', '2025-05-10 16:45:00', '2025-05-10 16:45:00'),
(41, 11, 2, 5, 'Kem dừa béo ngậy, ăn không bị ngấy.', 'assets/img/reviews/review-41.jpg', '2025-05-11 11:00:00', '2025-05-11 11:00:00'),
(42, 12, 3, 5, 'Chè bưởi ngọt vừa, hạt bưởi giòn sật.', 'assets/img/reviews/review-42.jpg', '2025-05-12 14:20:00', '2025-05-12 14:20:00'),
(43, 13, 4, 5, 'Tôm nướng muối ớt cay vừa, tôm tươi!', 'assets/img/reviews/review-43.jpg', '2025-05-13 18:00:00', '2025-05-13 18:00:00'),
(44, 14, 5, 4, 'Mực xào sa tế ngon, nhưng hơi cay quá.', 'assets/img/reviews/review-44.jpg', '2025-05-14 19:45:00', '2025-05-14 19:45:00'),
(45, 15, 6, 5, 'Hàu nướng phô mai thơm béo, tuyệt vời!', 'assets/img/reviews/review-45.jpg', '2025-05-15 20:30:00', '2025-05-15 20:30:00'),
(46, 16, 7, 5, 'Ba chỉ nướng cháy cạnh, rất thơm.', 'assets/img/reviews/review-46.jpg', '2025-05-16 12:45:00', '2025-05-16 12:45:00'),
(47, 17, 8, 4, 'Xiên que tổng hợp đa dạng, nước chấm ngon.', 'assets/img/reviews/review-47.jpg', '2025-05-17 14:30:00', '2025-05-17 14:30:00'),
(48, 18, 9, 5, 'Sườn nướng BBQ sốt đậm đà, thịt mềm.', 'assets/img/reviews/review-48.jpg', '2025-05-18 16:10:00', '2025-05-18 16:10:00'),
(49, 19, 10, 4, 'Lẩu Thái có nhiều topping, nước lẩu đậm đà.', 'assets/img/reviews/review-49.jpg', '2025-05-19 18:30:00', '2025-05-19 18:30:00'),
(50, 20, 1, 5, 'Lẩu bò nhúng dấm ngon, thịt bò mềm.', 'assets/img/reviews/review-50.jpg', '2025-05-20 20:15:00', '2025-05-20 20:15:00'),
(51, 21, 2, 5, 'Lẩu nấm chay thích hợp cho người ăn chay.', 'assets/img/reviews/review-51.jpg', '2025-05-21 09:30:00', '2025-05-21 09:30:00'),
(52, 22, 3, 4, 'Cơm chay thập cẩm ngon, nhưng hơi ít.', 'assets/img/reviews/review-52.jpg', '2025-05-22 12:00:00', '2025-05-22 12:00:00'),
(53, 23, 4, 3, 'Bún riêu chay hơi nhạt, cần thêm gia vị.', 'assets/img/reviews/review-53.jpg', '2025-05-23 15:45:00', '2025-05-23 15:45:00'),
(54, 24, 5, 5, 'Gỏi cuốn chay tươi ngon, nước chấm ngon!', 'assets/img/reviews/review-54.jpg', '2025-05-24 17:30:00', '2025-05-24 17:30:00'),
(55, 25, 6, 5, 'Bánh bông lan trứng muối béo ngậy.', 'assets/img/reviews/review-55.jpg', '2025-05-25 19:00:00', '2025-05-25 19:00:00'),
(56, 26, 7, 4, 'Bánh mousse chanh dây thơm ngon.', 'assets/img/reviews/review-56.jpg', '2025-05-26 11:45:00', '2025-05-26 11:45:00'),
(57, 27, 8, 5, 'Bánh tart phô mai ngon, béo!', 'assets/img/reviews/review-57.jpg', '2025-05-27 14:15:00', '2025-05-27 14:15:00'),
(58, 28, 9, 5, 'Cá viên chiên giòn, không bị dầu.', 'assets/img/reviews/review-58.jpg', '2025-05-28 16:00:00', '2025-05-28 16:00:00'),
(59, 29, 10, 4, 'Khô gà lá chanh hơi cay nhưng rất ngon.', 'assets/img/reviews/review-59.jpg', '2025-05-29 18:30:00', '2025-05-29 18:30:00'),
(60, 30, 1, 5, 'Snack rong biển giòn, ăn hoài không chán.', 'assets/img/reviews/review-60.jpg', '2025-05-30 20:45:00', '2025-05-30 20:45:00'),
(31, 1, 2, 5, 'Cà phê rất thơm, vị đậm đà.', 'assets/img/reviews/review-1.jpg', '2025-05-01 10:00:00', '2025-05-01 10:00:00'),
(32, 1, 3, 4, 'Cà phê ngon nhưng hơi đắng.', 'assets/img/reviews/review-2.jpg', '2025-05-02 12:00:00', '2025-05-02 12:00:00'),
(33, 1, 4, 5, 'Thơm nức mũi, đúng gu mình thích.', 'assets/img/reviews/review-3.jpg', '2025-05-03 15:00:00', '2025-05-03 15:00:00'),
(34, 1, 5, 3, 'Uống được nhưng không đặc biệt lắm.', 'assets/img/reviews/review-4.jpg', '2025-05-04 18:30:00', '2025-05-04 18:30:00'),
(35, 1, 6, 4, 'Mình thích cà phê này, giá ổn.', 'assets/img/reviews/review-5.jpg', '2025-05-05 14:00:00', '2025-05-05 14:00:00'),
(36, 1, 7, 5, 'Một ly buổi sáng là tỉnh cả ngày.', 'assets/img/reviews/review-6.jpg', '2025-05-06 17:00:00', '2025-05-06 17:00:00'),

-- Trà sữa trân châu (ProductID 2)
(37, 2, 8, 5, 'Trà sữa rất ngon, không quá ngọt.', 'assets/img/reviews/review-7.jpg', '2025-05-07 11:00:00', '2025-05-07 11:00:00'),
(38, 2, 9, 3, 'Trân châu hơi cứng, cần nấu kỹ hơn.', 'assets/img/reviews/review-8.jpg', '2025-05-08 09:30:00', '2025-05-08 09:30:00'),
(39, 2, 10, 4, 'Ngon nhưng hơi ít trân châu.', 'assets/img/reviews/review-9.jpg', '2025-05-09 13:15:00', '2025-05-09 13:15:00'),
(40, 2, 1, 5, 'Món tủ của mình, rất ngon!', 'assets/img/reviews/review-10.jpg', '2025-05-10 16:45:00', '2025-05-10 16:45:00'),
(41, 2, 2, 5, 'Trà thơm, sữa béo, trân châu dai ngon.', 'assets/img/reviews/review-11.jpg', '2025-05-11 11:00:00', '2025-05-11 11:00:00'),
(42, 2, 3, 4, 'Không quá xuất sắc nhưng khá ổn.', 'assets/img/reviews/review-12.jpg', '2025-05-12 14:20:00', '2025-05-12 14:20:00'),

-- Nước ép cam (ProductID 3)
(43, 3, 4, 4, 'Vị cam tự nhiên, uống rất mát.', 'assets/img/reviews/review-13.jpg', '2025-05-13 18:00:00', '2025-05-13 18:00:00'),
(44, 3, 5, 5, 'Nước ép tươi ngon, không quá ngọt.', 'assets/img/reviews/review-14.jpg', '2025-05-14 19:45:00', '2025-05-14 19:45:00'),
(45, 3, 6, 3, 'Hơi chua quá, cần thêm chút đường.', 'assets/img/reviews/review-15.jpg', '2025-05-15 20:30:00', '2025-05-15 20:30:00'),
(46, 3, 7, 4, 'Sáng nào mình cũng uống, rất tốt.', 'assets/img/reviews/review-16.jpg', '2025-05-16 12:45:00', '2025-05-16 12:45:00'),
(47, 3, 8, 5, 'Nước ép cam rất tươi, tốt cho sức khỏe.', 'assets/img/reviews/review-17.jpg', '2025-05-17 14:30:00', '2025-05-17 14:30:00'),
(48, 3, 9, 4, 'Hương vị thơm mát, đáng thử.', 'assets/img/reviews/review-18.jpg', '2025-05-18 16:10:00', '2025-05-18 16:10:00'),

-- Pizza hải sản (ProductID 4)
(49, 4, 10, 5, 'Pizza hải sản quá ngon, phô mai chảy!', 'assets/img/reviews/review-19.jpg', '2025-05-19 18:30:00', '2025-05-19 18:30:00'),
(50, 4, 1, 4, 'Hải sản tươi nhưng hơi ít sốt.', 'assets/img/reviews/review-20.jpg', '2025-05-20 20:15:00', '2025-05-20 20:15:00'),
(51, 4, 2, 5, 'Mình thích pizza này, topping đầy đặn.', 'assets/img/reviews/review-21.jpg', '2025-05-21 09:30:00', '2025-05-21 09:30:00'),
(52, 4, 3, 5, 'Vỏ bánh giòn, nhân đầy đặn.', 'assets/img/reviews/review-22.jpg', '2025-05-22 12:00:00', '2025-05-22 12:00:00'),
(53, 4, 4, 4, 'Phô mai ngon nhưng hơi nhiều dầu.', 'assets/img/reviews/review-23.jpg', '2025-05-23 15:45:00', '2025-05-23 15:45:00'),
(54, 4, 5, 5, 'Rất ngon, ăn kèm tương ớt là tuyệt.', 'assets/img/reviews/review-24.jpg', '2025-05-24 17:30:00', '2025-05-24 17:30:00'),

-- Burger bò (ProductID 5)
(55, 5, 6, 4, 'Burger bò thịt dày, sốt ngon.', 'assets/img/reviews/review-25.jpg', '2025-05-25 19:00:00', '2025-05-25 19:00:00'),
(56, 5, 7, 5, 'Bánh mì mềm, thịt bò rất ngon.', 'assets/img/reviews/review-26.jpg', '2025-05-26 11:45:00', '2025-05-26 11:45:00'),
(57, 5, 8, 3, 'Hơi ít rau, sốt ngon nhưng hơi mặn.', 'assets/img/reviews/review-27.jpg', '2025-05-27 14:15:00', '2025-05-27 14:15:00'),
(58, 5, 9, 5, 'Burger này là số 1, cực kỳ ngon!', 'assets/img/reviews/review-28.jpg', '2025-05-28 16:00:00', '2025-05-28 16:00:00'),
(59, 5, 10, 4, 'Tốt, nhưng nên có thêm phô mai.', 'assets/img/reviews/review-29.jpg', '2025-05-29 18:30:00', '2025-05-29 18:30:00'),
(60, 5, 1, 5, 'Burger bò rất đáng tiền, rất ngon!', 'assets/img/reviews/review-30.jpg', '2025-05-30 20:45:00', '2025-05-30 20:45:00');



INSERT INTO `shipperreviews` (`ShipperID`, `CustomerID`, `OrderID`, `Rating`, `Comment`, `CreatedAt`, `UpdatedAt`) VALUES
(1, 1, 1, 5, 'Giao hàng nhanh, đóng gói cẩn thận.', '2025-05-01 10:00:00', '2025-05-01 10:00:00'),
(1, 2, 2, 4, 'Đúng hẹn nhưng hơi trễ một chút.', '2025-05-02 12:00:00', '2025-05-02 12:00:00'),
(1, 3, 3, 5, 'Rất thân thiện, hỗ trợ tốt.', '2025-05-03 15:00:00', '2025-05-03 15:00:00'),
(1, 4, 4, 3, 'Hàng đến nơi bị méo hộp, cần cẩn thận hơn.', '2025-05-04 18:30:00', '2025-05-04 18:30:00'),
(1, 5, 5, 4, 'Giao hàng nhanh, đóng gói tốt.', '2025-05-05 14:00:00', '2025-05-05 14:00:00'),
(1, 6, 6, 5, 'Shipper vui vẻ, tận tình.', '2025-05-06 17:00:00', '2025-05-06 17:00:00'),
(1, 7, 7, 5, 'Giao hàng sớm hơn mong đợi.', '2025-05-07 11:00:00', '2025-05-07 11:00:00'),
(1, 8, 8, 4, 'Hơi chậm nhưng vẫn ổn.', '2025-05-08 09:30:00', '2025-05-08 09:30:00'),
(1, 9, 9, 3, 'Không nhiệt tình lắm.', '2025-05-09 13:15:00', '2025-05-09 13:15:00'),
(1, 10, 10, 5, 'Shipper rất chuyên nghiệp.', '2025-05-10 16:45:00', '2025-05-10 16:45:00'),
(1, 11, 11, 5, 'Dịch vụ tuyệt vời.', '2025-05-11 11:00:00', '2025-05-11 11:00:00'),
(1, 12, 12, 4, 'Giao hàng đúng giờ.', '2025-05-12 14:20:00', '2025-05-12 14:20:00'),
(1, 13, 13, 5, 'Shipper thân thiện, dễ thương.', '2025-05-13 18:00:00', '2025-05-13 18:00:00'),
(1, 14, 14, 5, 'Nhiệt tình, chu đáo.', '2025-05-14 19:45:00', '2025-05-14 19:45:00'),
(1, 15, 15, 3, 'Giao hàng trễ.', '2025-05-15 20:30:00', '2025-05-15 20:30:00'),
(1, 16, 16, 4, 'Ổn, không có gì để chê.', '2025-05-16 12:45:00', '2025-05-16 12:45:00'),
(1, 17, 17, 5, 'Giao hàng đúng thời gian.', '2025-05-17 14:30:00', '2025-05-17 14:30:00'),
(1, 18, 18, 5, 'Rất tốt, sẽ tiếp tục đặt hàng.', '2025-05-18 16:10:00', '2025-05-18 16:10:00'),
(1, 19, 19, 4, 'Cẩn thận, nhiệt tình.', '2025-05-19 18:30:00', '2025-05-19 18:30:00'),
(1, 20, 20, 5, 'Dịch vụ tuyệt vời.', '2025-05-20 20:15:00', '2025-05-20 20:15:00'),
(1, 1, 21, 4, 'Dịch vụ ổn, không có gì phàn nàn.', '2025-05-21 09:30:00', '2025-05-21 09:30:00'),
(1, 2, 22, 3, 'Thái độ chưa tốt lắm.', '2025-05-22 12:00:00', '2025-05-22 12:00:00'),
(1, 3, 23, 5, 'Quá tuyệt vời, 10/10.', '2025-05-23 15:45:00', '2025-05-23 15:45:00'),
(1, 4, 24, 5, 'Giao hàng nhanh, không có vấn đề gì.', '2025-05-24 17:30:00', '2025-05-24 17:30:00'),
(1, 5, 25, 4, 'Ổn áp, hàng nguyên vẹn.', '2025-05-25 19:00:00', '2025-05-25 19:00:00'),
(1, 6, 26, 5, 'Shipper thân thiện, sẽ tiếp tục ủng hộ.', '2025-05-26 11:45:00', '2025-05-26 11:45:00'),
(1, 7, 27, 3, 'Giao hàng trễ một chút, nhưng hàng ổn.', '2025-05-27 14:15:00', '2025-05-27 14:15:00'),
(1, 8, 28, 5, 'Giao hàng nhanh chóng.', '2025-05-28 16:00:00', '2025-05-28 16:00:00'),
(1, 9, 29, 4, 'Không có gì để phàn nàn.', '2025-05-29 18:30:00', '2025-05-29 18:30:00'),
(1, 10, 30, 5, 'Tuyệt vời!', '2025-05-30 20:45:00', '2025-05-30 20:45:00'),
(1, 11, 31, 5, 'Shipper nhiệt tình, hàng đúng giờ.', '2025-06-01 09:30:00', '2025-06-01 09:30:00'),
(1, 12, 32, 4, 'Giao hàng nhanh.', '2025-06-02 14:00:00', '2025-06-02 14:00:00'),
(1, 13, 33, 3, 'Không nhiệt tình lắm.', '2025-06-03 17:30:00', '2025-06-03 17:30:00'),
(1, 14, 34, 5, 'Giao hàng rất nhanh, cẩn thận.', '2025-06-04 11:15:00', '2025-06-04 11:15:00'),
(1, 15, 35, 5, 'Tốt, shipper vui vẻ.', '2025-06-05 12:30:00', '2025-06-05 12:30:00'),
(1, 16, 36, 4, 'Hàng đến đúng hẹn.', '2025-06-06 15:45:00', '2025-06-06 15:45:00'),
(1, 17, 37, 3, 'Chậm hơn mong đợi.', '2025-06-07 18:00:00', '2025-06-07 18:00:00'),
(1, 18, 38, 5, 'Shipper dễ thương.', '2025-06-08 20:15:00', '2025-06-08 20:15:00'),
(1, 19, 39, 4, 'Đóng gói cẩn thận.', '2025-06-09 11:00:00', '2025-06-09 11:00:00'),
(1, 20, 40, 5, 'Giao hàng nhanh.', '2025-06-10 13:45:00', '2025-06-10 13:45:00');


INSERT INTO `payment` (`OrderID`, `PaymentDate`, `Amount`, `PaymentMethod`, `PaymentStatus`) VALUES
(1, '2025-03-01 10:05:00', 25000, 'ATM', 'Đã thanh toán'),
(2, '2025-03-01 12:35:00', 35000, 'Thanh toán khi nhận hàng', 'Chưa thanh toán'),
(3, '2025-03-02 18:10:00', 30000, 'ATM', 'Đã thanh toán'),
(4, '2025-03-03 11:45:00', 150000, 'ATM', 'Đã thanh toán'),
(5, '2025-03-03 16:40:00', 60000, 'Thanh toán khi nhận hàng', 'Chưa thanh toán'),
(6, '2025-03-04 21:05:00', 30000, 'ATM', 'Đã thanh toán'),
(7, '2025-03-05 13:15:00', 50000, 'Thanh toán khi nhận hàng', 'Chưa thanh toán'),
(8, '2025-03-06 23:10:00', 40000, 'ATM', 'Đã thanh toán'),
(9, '2025-03-07 17:45:00', 35000, 'Thanh toán khi nhận hàng', 'Chưa thanh toán'),
(10, '2025-03-08 18:50:00', 180000, 'ATM', 'Đã thanh toán'),
(11, '2025-03-09 15:05:00', 120000, 'ATM', 'Đã thanh toán'),
(12, '2025-03-10 12:20:00', 90000, 'Thanh toán khi nhận hàng', 'Chưa thanh toán'),
(13, '2025-03-11 21:40:00', 250000, 'ATM', 'Đã thanh toán'),
(14, '2025-03-12 17:15:00', 50000, 'ATM', 'Đã thanh toán'),
(15, '2025-03-13 12:45:00', 50000, 'Thanh toán khi nhận hàng', 'Chưa thanh toán'),
(16, '2025-03-14 15:35:00', 75000, 'ATM', 'Đã thanh toán'),
(17, '2025-03-15 11:50:00', 100000, 'Thanh toán khi nhận hàng', 'Chưa thanh toán'),
(18, '2025-03-16 18:20:00', 200000, 'ATM', 'Đã thanh toán'),
(19, '2025-03-17 13:10:00', 160000, 'ATM', 'Đã thanh toán'),
(20, '2025-03-18 17:05:00', 45000, 'Thanh toán khi nhận hàng', 'Chưa thanh toán'),
(21, '2025-03-19 15:10:00', 150000, 'ATM', 'Đã thanh toán'),
(22, '2025-03-20 19:40:00', 85000, 'Thanh toán khi nhận hàng', 'Chưa thanh toán'),
(23, '2025-03-21 13:20:00', 120000, 'ATM', 'Đã thanh toán'),
(24, '2025-03-22 14:00:00', 130000, 'ATM', 'Đã thanh toán'),
(25, '2025-03-23 18:50:00', 75000, 'Thanh toán khi nhận hàng', 'Chưa thanh toán'),
(26, '2025-03-24 07:40:00', 200000, 'ATM', 'Đã thanh toán'),
(27, '2025-03-25 12:25:00', 175000, 'ATM', 'Đã thanh toán'),
(28, '2025-03-26 16:10:00', 125000, 'Thanh toán khi nhận hàng', 'Chưa thanh toán'),
(29, '2025-03-27 19:40:00', 185000, 'ATM', 'Đã thanh toán'),
(30, '2025-03-28 10:50:00', 95000, 'ATM', 'Đã thanh toán'),
(31, '2025-03-29 17:10:00', 210000, 'ATM', 'Đã thanh toán'),
(32, '2025-03-30 13:30:00', 115000, 'Thanh toán khi nhận hàng', 'Chưa thanh toán'),
(33, '2025-03-31 21:55:00', 145000, 'ATM', 'Đã thanh toán'),
(34, '2025-04-01 14:40:00', 85000, 'Thanh toán khi nhận hàng', 'Chưa thanh toán'),
(35, '2025-04-02 18:50:00', 225000, 'ATM', 'Đã thanh toán'),
(36, '2025-04-03 12:20:00', 175000, 'ATM', 'Đã thanh toán'),
(37, '2025-04-04 14:10:00', 140000, 'Thanh toán khi nhận hàng', 'Chưa thanh toán'),
(38, '2025-04-05 09:30:00', 120000, 'ATM', 'Đã thanh toán'),
(39, '2025-04-06 16:45:00', 95000, 'Thanh toán khi nhận hàng', 'Chưa thanh toán'),
(40, '2025-04-07 11:25:00', 180000, 'ATM', 'Đã thanh toán'),
(41, '2025-04-08 14:50:00', 160000, 'ATM', 'Đã thanh toán'),
(42, '2025-04-09 18:20:00', 145000, 'Thanh toán khi nhận hàng', 'Chưa thanh toán'),
(43, '2025-04-10 13:15:00', 130000, 'ATM', 'Đã thanh toán'),
(44, '2025-04-11 19:30:00', 115000, 'ATM', 'Đã thanh toán'),
(45, '2025-04-12 10:55:00', 105000, 'Thanh toán khi nhận hàng', 'Chưa thanh toán'),
(46, '2025-04-13 12:30:00', 195000, 'ATM', 'Đã thanh toán'),
(47, '2025-04-14 16:15:00', 175000, 'Thanh toán khi nhận hàng', 'Chưa thanh toán'),
(48, '2025-04-15 09:40:00', 90000, 'ATM', 'Đã thanh toán'),
(49, '2025-04-16 15:55:00', 220000, 'ATM', 'Đã thanh toán'),
(50, '2025-04-17 13:20:00', 155000, 'Thanh toán khi nhận hàng', 'Chưa thanh toán'),
(51, '2025-04-18 18:30:00', 135000, 'ATM', 'Đã thanh toán'),
(52, '2025-04-19 12:00:00', 105000, 'ATM', 'Đã thanh toán'),
(53, '2025-04-20 14:10:00', 95000, 'Thanh toán khi nhận hàng', 'Chưa thanh toán'),
(54, '2025-04-21 19:15:00', 200000, 'ATM', 'Đã thanh toán'),
(55, '2025-04-22 11:50:00', 175000, 'ATM', 'Đã thanh toán'),
(56, '2025-04-23 17:35:00', 150000, 'Thanh toán khi nhận hàng', 'Chưa thanh toán'),
(57, '2025-04-24 09:40:00', 180000, 'ATM', 'Đã thanh toán'),
(58, '2025-04-25 14:55:00', 125000, 'Thanh toán khi nhận hàng', 'Chưa thanh toán'),
(59, '2025-04-26 13:10:00', 115000, 'ATM', 'Đã thanh toán'),
(60, '2025-04-27 15:20:00', 95000, 'Thanh toán khi nhận hàng', 'Chưa thanh toán');



INSERT INTO `carts` (`CustomerID`, `CreatedAt`, `ProductID`, `Quantity`) VALUES
(1, '2025-04-01 10:00:00', 3, 2),
(2, '2025-04-01 10:05:00', 7, 1),
(3, '2025-04-01 10:10:00', 15, 3),
(4, '2025-04-01 10:15:00', 12, 4),
(5, '2025-04-01 10:20:00', 9, 2),
(6, '2025-04-01 10:25:00', 20, 5),
(7, '2025-04-01 10:30:00', 2, 3),
(8, '2025-04-01 10:35:00', 6, 1),
(9, '2025-04-01 10:40:00', 17, 2),
(10, '2025-04-01 10:45:00', 11, 4),
(11, '2025-04-01 10:50:00', 5, 3),
(12, '2025-04-01 10:55:00', 22, 1),
(13, '2025-04-01 11:00:00', 10, 5),
(14, '2025-04-01 11:05:00', 24, 2),
(15, '2025-04-01 11:10:00', 13, 3),
(16, '2025-04-01 11:15:00', 27, 1),
(17, '2025-04-01 11:20:00', 18, 4),
(18, '2025-04-01 11:25:00', 8, 3),
(19, '2025-04-01 11:30:00', 26, 2),
(20, '2025-04-01 11:35:00', 14, 5);

INSERT INTO `favorites` (`CustomerID`, `Name`, `CreatedAt`, `UpdatedAt`) VALUES
(1, 'Yêu thích cà phê', '2025-04-01 08:00:00', '2025-04-01 08:00:00'),
(2, 'Yêu thích trà sữa', '2025-04-01 08:10:00', '2025-04-01 08:10:00'),
(3, 'Món nướng yêu thích', '2025-04-01 08:20:00', '2025-04-01 08:20:00'),
(4, 'Hải sản ngon nhất', '2025-04-01 08:30:00', '2025-04-01 08:30:00'),
(5, 'Bánh ngọt tuyệt vời', '2025-04-01 08:40:00', '2025-04-01 08:40:00'),
(6, 'Món chay tốt cho sức khỏe', '2025-04-01 08:50:00', '2025-04-01 08:50:00'),
(7, 'Đồ ăn nhanh khoái khẩu', '2025-04-01 09:00:00', '2025-04-01 09:00:00'),
(8, 'Tráng miệng yêu thích', '2025-04-01 09:10:00', '2025-04-01 09:10:00'),
(9, 'Bún bò ngon nhất', '2025-04-01 09:20:00', '2025-04-01 09:20:00'),
(10, 'Pizza hải sản đặc biệt', '2025-04-01 09:30:00', '2025-04-01 09:30:00'),
(11, 'Cơm gà số 1', '2025-04-01 09:40:00', '2025-04-01 09:40:00'),
(12, 'Mì xào bò đậm đà', '2025-04-01 09:50:00', '2025-04-01 09:50:00'),
(13, 'Chè bưởi ngon', '2025-04-01 10:00:00', '2025-04-01 10:00:00'),
(14, 'Lẩu Thái cay ngon', '2025-04-01 10:10:00', '2025-04-01 10:10:00'),
(15, 'Món nướng đậm vị', '2025-04-01 10:20:00', '2025-04-01 10:20:00'),
(16, 'Đồ ăn vặt khoái khẩu', '2025-04-01 10:30:00', '2025-04-01 10:30:00'),
(17, 'Món ngon mỗi ngày', '2025-04-01 10:40:00', '2025-04-01 10:40:00'),
(18, 'Món chay yêu thích', '2025-04-01 10:50:00', '2025-04-01 10:50:00'),
(19, 'Tráng miệng mát lạnh', '2025-04-01 11:00:00', '2025-04-01 11:00:00'),
(20, 'Nước ép tốt cho sức khỏe', '2025-04-01 11:10:00', '2025-04-01 11:10:00');


INSERT INTO `favoritesdetails` (`FavoriteID`, `ProductID`, `CreatedAt`, `UpdatedAt`) VALUES
(1, 1, '2025-04-01 08:00:00', '2025-04-01 08:00:00'),
(2, 2, '2025-04-01 08:10:00', '2025-04-01 08:10:00'),
(3, 3, '2025-04-01 08:20:00', '2025-04-01 08:20:00'),
(4, 4, '2025-04-01 08:30:00', '2025-04-01 08:30:00'),
(5, 5, '2025-04-01 08:40:00', '2025-04-01 08:40:00'),
(6, 6, '2025-04-01 08:50:00', '2025-04-01 08:50:00'),
(7, 7, '2025-04-01 09:00:00', '2025-04-01 09:00:00'),
(8, 8, '2025-04-01 09:10:00', '2025-04-01 09:10:00'),
(9, 9, '2025-04-01 09:20:00', '2025-04-01 09:20:00'),
(10, 10, '2025-04-01 09:30:00', '2025-04-01 09:30:00'),
(11, 11, '2025-04-01 09:40:00', '2025-04-01 09:40:00'),
(12, 12, '2025-04-01 09:50:00', '2025-04-01 09:50:00'),
(13, 13, '2025-04-01 10:00:00', '2025-04-01 10:00:00'),
(14, 14, '2025-04-01 10:10:00', '2025-04-01 10:10:00'),
(15, 15, '2025-04-01 10:20:00', '2025-04-01 10:20:00'),
(16, 16, '2025-04-01 10:30:00', '2025-04-01 10:30:00'),
(17, 17, '2025-04-01 10:40:00', '2025-04-01 10:40:00'),
(18, 18, '2025-04-01 10:50:00', '2025-04-01 10:50:00'),
(19, 19, '2025-04-01 11:00:00', '2025-04-01 11:00:00'),
(20, 20, '2025-04-01 11:10:00', '2025-04-01 11:10:00'),
(1, 21, '2025-04-01 11:20:00', '2025-04-01 11:20:00'),
(2, 22, '2025-04-01 11:30:00', '2025-04-01 11:30:00'),
(3, 23, '2025-04-01 11:40:00', '2025-04-01 11:40:00'),
(4, 24, '2025-04-01 11:50:00', '2025-04-01 11:50:00'),
(5, 25, '2025-04-01 12:00:00', '2025-04-01 12:00:00'),
(6, 26, '2025-04-01 12:10:00', '2025-04-01 12:10:00'),
(7, 27, '2025-04-01 12:20:00', '2025-04-01 12:20:00'),
(8, 28, '2025-04-01 12:30:00', '2025-04-01 12:30:00'),
(9, 29, '2025-04-01 12:40:00', '2025-04-01 12:40:00'),
(10, 30, '2025-04-01 12:50:00', '2025-04-01 12:50:00');



