CREATE DATABASE  IF NOT EXISTS `swp391_g1` /*!40100 DEFAULT CHARACTER SET utf8mb4 COLLATE utf8mb4_0900_ai_ci */ /*!80016 DEFAULT ENCRYPTION='N' */;
USE `swp391_g1`;
-- MySQL dump 10.13  Distrib 8.0.40, for Win64 (x86_64)
--
-- Host: localhost    Database: swp391_g1
-- ------------------------------------------------------
-- Server version	8.4.3

/*!40101 SET @OLD_CHARACTER_SET_CLIENT=@@CHARACTER_SET_CLIENT */;
/*!40101 SET @OLD_CHARACTER_SET_RESULTS=@@CHARACTER_SET_RESULTS */;
/*!40101 SET @OLD_COLLATION_CONNECTION=@@COLLATION_CONNECTION */;
/*!50503 SET NAMES utf8 */;
/*!40103 SET @OLD_TIME_ZONE=@@TIME_ZONE */;
/*!40103 SET TIME_ZONE='+00:00' */;
/*!40014 SET @OLD_UNIQUE_CHECKS=@@UNIQUE_CHECKS, UNIQUE_CHECKS=0 */;
/*!40014 SET @OLD_FOREIGN_KEY_CHECKS=@@FOREIGN_KEY_CHECKS, FOREIGN_KEY_CHECKS=0 */;
/*!40101 SET @OLD_SQL_MODE=@@SQL_MODE, SQL_MODE='NO_AUTO_VALUE_ON_ZERO' */;
/*!40111 SET @OLD_SQL_NOTES=@@SQL_NOTES, SQL_NOTES=0 */;

--
-- Table structure for table `blogdetail`
--

DROP TABLE IF EXISTS `blogdetail`;
/*!40101 SET @saved_cs_client     = @@character_set_client */;
/*!50503 SET character_set_client = utf8mb4 */;
CREATE TABLE `blogdetail` (
  `IdBlogDetail` int NOT NULL AUTO_INCREMENT,
  `IdBlog` int NOT NULL,
  `Title` varchar(255) NOT NULL,
  `CreatedDate` timestamp NULL DEFAULT CURRENT_TIMESTAMP,
  `Content` text NOT NULL,
  PRIMARY KEY (`IdBlogDetail`),
  KEY `IdBlog` (`IdBlog`),
  CONSTRAINT `blogdetail_ibfk_1` FOREIGN KEY (`IdBlog`) REFERENCES `bloglist` (`IdBlog`)
) ENGINE=InnoDB AUTO_INCREMENT=64 DEFAULT CHARSET=utf8mb4 COLLATE=utf8mb4_0900_ai_ci;
/*!40101 SET character_set_client = @saved_cs_client */;

--
-- Dumping data for table `blogdetail`
--

LOCK TABLES `blogdetail` WRITE;
/*!40000 ALTER TABLE `blogdetail` DISABLE KEYS */;
INSERT INTO `blogdetail` VALUES (1,1,'Top 10 Món Ăn Đường Phố Đậm Chất Việt','2025-03-12 19:30:00','Ẩm thực đường phố Việt Nam từ lâu đã trở thành một nét văn hóa đặc sắc, không chỉ làm say lòng người dân địa phương mà còn thu hút hàng triệu du khách quốc tế mỗi năm. Với sự hòa quyện tuyệt vời giữa hương vị dân dã, nguyên liệu tươi ngon và sự sáng tạo không ngừng của người Việt, những món ăn đường phố đã tạo nên một bản sắc ẩm thực độc đáo, khó lẫn với bất kỳ nơi đâu trên thế giới. Dưới đây là danh sách 10 món ăn tiêu biểu mà bất kỳ ai khi đến Việt Nam cũng nên thử ít nhất một lần để cảm nhận trọn vẹn tinh hoa ẩm thực của đất nước hình chữ S này.\n\nĐầu tiên phải kể đến **bánh mì** – một biểu tượng không thể thiếu trong văn hóa ẩm thực Việt Nam. Được mệnh danh là “vua của các món ăn đường phố”, bánh mì Việt Nam nổi tiếng với lớp vỏ giòn tan bên ngoài, ruột mềm thơm bên trong, kết hợp cùng các loại nhân đa dạng như pate gan béo ngậy, thịt nguội thơm lừng, trứng ốp la vàng ươm, thêm chút rau thơm như ngò rí, húng quế, dưa leo giòn rụm và một lớp nước mắm chua ngọt đặc trưng rưới lên trên. Mỗi vùng miền lại có cách biến tấu riêng: bánh mì Sài Gòn đầy ắp nhân, bánh mì Hội An với thịt nướng đậm đà, hay bánh mì Hà Nội thanh lịch với pate và chả lụa.\n\nTiếp theo là **phở**, món ăn được xem như quốc hồn quốc túy của Việt Nam, xuất hiện trong từ điển ẩm thực thế giới như một đại diện tiêu biểu. Một tô phở hoàn hảo bắt đầu từ nước dùng trong veo, thơm lừng, được ninh từ xương bò hoặc xương gà trong nhiều giờ, kết hợp với gừng nướng, hành nướng, quế, hồi và các loại gia vị bí truyền. Sợi phở trắng mịn, mềm nhưng không nát, được trụng nóng, phủ lên trên là thịt bò thái mỏng tái ngọt hoặc thịt gà ta xé nhỏ, điểm xuyết thêm rau thơm, giá đỗ, chanh tươi và ớt đỏ. Phở Hà Nội mang vị thanh nhẹ, trong khi phở Nam lại đậm đà với nhiều loại rau sống như húng quế, ngò gai.\n\n**Bún chả** là món ăn mang đậm dấu ấn Hà Nội, gợi nhớ đến những con phố cổ kính với mùi thơm nghi ngút từ những vỉ nướng than hoa. Chả thịt heo được nặn thành viên tròn hoặc miếng dẹt, nướng trên lửa đỏ rực cho đến khi vàng óng, tỏa hương thơm ngát khó cưỡng. Món này ăn kèm bún tươi trắng mịn, chấm trong bát nước mắm chua ngọt được pha khéo léo từ nước mắm nguyên chất, giấm gạo, đường, tỏi băm và ớt tươi. Thêm chút rau sống như xà lách, húng láng, kinh giới, món ăn trở nên hài hòa cả về màu sắc lẫn hương vị.\n\n**Gỏi cuốn** lại mang đến sự tươi mát, nhẹ nhàng, rất phù hợp cho những ai yêu thích món ăn lành mạnh. Bánh tráng mỏng được nhúng nước cho mềm, cuốn cùng tôm luộc đỏ au, thịt heo thái lát mỏng, bún tươi, rau sống như xà lách, húng quế, giá đỗ, đôi khi thêm chút hành phi cho thơm. Điểm nhấn của gỏi cuốn nằm ở nước chấm đậu phộng béo bùi, được làm từ đậu phộng rang giã nhuyễn, nước mắm, đường, tỏi, ớt và một chút nước cốt chanh, tạo nên hương vị vừa ngọt ngào vừa đậm đà.\n\n**Xôi** là món ăn quen thuộc trong đời sống hàng ngày của người Việt, từ bữa sáng nhanh chóng đến món ăn vặt giữa buổi. Xôi có hàng chục biến tấu khác nhau: xôi xéo mềm dẻo với lớp đậu xanh giã nhuyễn bùi bùi, rưới mỡ hành thơm lừng; xôi gấc đỏ rực bắt mắt với vị béo ngậy từ nước cốt dừa; hay xôi bắp ngọt thanh từ bắp tươi nấu cùng gạo nếp. Mỗi loại xôi đều mang một câu chuyện riêng, phản ánh sự phong phú và sáng tạo của ẩm thực Việt Nam.\n\n**Chè** là món tráng miệng không thể thiếu, làm mát lòng thực khách trong những ngày hè nóng bức. Chè Việt Nam đa dạng từ chè khúc bạch mềm mịn với thạch sữa, hạnh nhân rang thơm, nước đường lá dứa thanh mát, đến chè trôi nước ngọt dịu với viên bánh trôi trắng tròn, nhân đậu xanh hoặc dừa, chan nước cốt dừa béo ngậy. Mỗi miền lại có những loại chè đặc trưng: chè ba màu rực rỡ của miền Nam, chè sen long nhãn thanh tao của miền Bắc.\n\n**Hủ tiếu** là món mì đặc trưng của miền Nam, đặc biệt nổi tiếng ở Sài Gòn và các tỉnh Tây Nam Bộ. Nước dùng ngọt thanh được hầm từ xương heo, thêm chút tôm khô, củ cải trắng và hành tím để tăng độ đậm đà. Sợi hủ tiếu dai mềm được trụng nóng, ăn kèm tôm tươi, thịt heo thái mỏng, giá đỗ, hẹ cắt khúc, rắc thêm chút hành phi và đậu phộng rang. Một chén nước mắm ớt cay nồng bên cạnh là không thể thiếu để chấm và gia tăng hương vị.\n\n**Bánh xèo** mang âm hưởng miền Tây với lớp vỏ giòn rụm làm từ bột gạo pha nước cốt dừa, nhân đầy ắp tôm tươi, thịt heo, giá đỗ, hành lá. Bánh được đổ trên chảo nóng, chiên vàng đều hai mặt, sau đó cuốn cùng rau sống như cải xanh, xà lách, húng quế, chấm nước mắm chua ngọt. Hương vị béo ngậy của nước cốt dừa hòa cùng vị ngọt của nhân và nước chấm tạo nên một trải nghiệm ẩm thực khó quên.\n\n**Bánh tráng trộn** là món ăn vặt yêu thích của giới trẻ, đặc biệt ở Sài Gòn. Bánh tráng phơi sương được cắt nhỏ, trộn cùng khô bò dai dai, trứng cút luộc béo ngậy, rau răm thơm nồng, đậu phộng rang giòn tan, hành phi, thêm chút sa tế cay cay và nước mắm ngọt. Hỗn hợp này được trộn đều tay, tạo nên một món ăn vừa giòn vừa mềm, cay mặn đậm đà, kích thích vị giác.\n\nCuối cùng, **nem rán** (hay chả giò) là món ăn phổ biến trong các bữa tiệc hoặc làm đồ nhấm nháp bên vỉa hè. Lớp vỏ bánh tráng mỏng được cuốn với nhân thịt heo băm, miến dong, mộc nhĩ, cà rốt, hành tây, nêm nếm gia vị vừa miệng, sau đó chiên vàng giòn rụm trong chảo dầu nóng. Nem rán thường được chấm với nước mắm pha chua ngọt, ăn kèm rau sống như xà lách, húng quế để cân bằng vị béo.\n\nMỗi món ăn trong danh sách này không chỉ là một món ngon mà còn là một câu chuyện về văn hóa, con người và đất nước Việt Nam. Bạn đã thử bao nhiêu món trong số này? Hãy lên kế hoạch khám phá và thưởng thức ngay để cảm nhận trọn vẹn tinh hoa ẩm thực đường phố Việt Nam nhé!'),(2,2,'Học Pha Trà Sữa Ngon Như Quán','2025-03-12 19:35:00','Trà sữa từ lâu đã trở thành một thức uống quen thuộc, chiếm trọn trái tim của giới trẻ không chỉ ở Việt Nam mà còn trên toàn thế giới. Với vị thơm của trà, vị béo ngậy của sữa và sự dai giòn thú vị của trân châu, trà sữa mang đến một trải nghiệm tuyệt vời cho bất kỳ ai thưởng thức. Thay vì phải xếp hàng dài ở các quán trà sữa nổi tiếng hay tốn kém chi phí cho những ly trà sữa đắt đỏ, bạn hoàn toàn có thể tự tay pha chế tại nhà với chất lượng không thua kém gì ngoài tiệm. Hãy cùng khám phá cách làm trà sữa chuẩn vị qua hướng dẫn chi tiết dưới đây để biến căn bếp của bạn thành một “quán trà sữa mini” nhé!\n\nTrước hết, bạn cần chuẩn bị đầy đủ **nguyên liệu** để đảm bảo ly trà sữa đạt được hương vị hoàn hảo. Bạn sẽ cần khoảng 50g trà đen (có thể thay bằng trà xanh, trà ô long tùy sở thích), 200ml sữa tươi không đường, 50ml sữa đặc để tạo độ béo, 100g trân châu khô (hoặc trân châu tươi nếu bạn muốn tiết kiệm thời gian), 30g đường nâu (có thể điều chỉnh tùy khẩu vị), và một ít đá viên để làm lạnh. Nếu muốn ly trà sữa thêm phần hấp dẫn, bạn có thể chuẩn bị thêm các loại topping như pudding trứng, thạch trái cây, hoặc một chút nước cốt dừa để tăng độ phong phú. Về **dụng cụ**, bạn cần một bình pha trà (hoặc ấm nhỏ), một nồi nhỏ để nấu trân châu, và một chiếc ly thủy tinh để trình bày thành phẩm.\n\n**Các bước thực hiện** bắt đầu từ công đoạn pha trà – yếu tố cốt lõi quyết định hương vị của ly trà sữa. Đun nước đến nhiệt độ khoảng 80-90°C (tránh dùng nước sôi 100°C vì sẽ làm trà bị đắng và mất đi hương thơm tự nhiên), sau đó cho trà đen vào ủ trong khoảng 10-15 phút. Thời gian ủ lâu giúp nước trà đậm đà, thơm nồng, sau đó bạn lọc bỏ bã trà để lấy phần nước cốt. Trong lúc chờ trà nguội bớt, hãy chuyển sang nấu trân châu – “linh hồn” của ly trà sữa. Đun sôi một nồi nước, thả trân châu khô vào luộc trong 20-30 phút (tùy loại trân châu), khuấy đều để tránh dính đáy nồi. Khi hạt trân châu chuyển sang màu trong suốt, mềm dẻo, bạn vớt ra và ngâm ngay vào nước lạnh để giữ độ dai giòn. Nếu thích trân châu ngọt hơn, bạn có thể trộn chúng với đường nâu và để ngấm trong 10 phút trước khi sử dụng.\n\nTiếp theo là bước pha chế trà sữa. Lấy phần nước cốt trà đã nguội, trộn đều với sữa đặc và sữa tươi theo tỷ lệ 1:1:2 (ví dụ: 50ml trà, 50ml sữa đặc, 100ml sữa tươi). Dùng muỗng khuấy kỹ để hỗn hợp hòa quyện, tạo nên màu nâu nhạt đẹp mắt và vị béo ngọt hài hòa. Hãy nếm thử và điều chỉnh lượng đường hoặc sữa theo khẩu vị cá nhân – nếu thích béo hơn, bạn có thể tăng sữa đặc; nếu muốn nhẹ nhàng, hãy giảm sữa đặc và tăng sữa tươi. Khi đã ưng ý với hương vị, bạn cho trân châu đã nấu vào đáy ly, thêm đá viên đầy ắp (khoảng 2/3 ly), sau đó đổ từ từ hỗn hợp trà sữa lên trên. Một ly trà sữa mát lạnh, thơm ngon đã sẵn sàng để bạn thưởng thức ngay lập tức!\n\n**Mẹo nhỏ** để nâng tầm ly trà sữa của bạn: Hãy chọn loại trà chất lượng cao như trà ô long, hồng trà hoặc trà Earl Grey để có hương thơm đặc trưng và vị đậm đà. Trân châu sau khi nấu nên dùng trong ngày, nếu để qua đêm sẽ bị cứng – bạn có thể bảo quản bằng cách ngâm trong nước đường loãng để giữ độ mềm dai. Ngoài ra, nếu muốn sáng tạo, hãy thử thêm các loại topping như pudding trứng béo ngậy, thạch trái cây giòn tan, hoặc một lớp kem tươi đánh bông để tăng độ hấp dẫn cả về hương vị lẫn hình thức.\n\nVới công thức này, bạn không chỉ tiết kiệm được chi phí mà còn có thể tùy chỉnh hương vị theo ý thích cá nhân. Hãy tưởng tượng cảm giác tuyệt vời khi tự tay pha một ly trà sữa thơm ngon, ngồi nhâm nhi cùng gia đình hoặc mời bạn bè thưởng thức. Còn chần chừ gì nữa? Hãy bắt tay vào làm ngay hôm nay và chia sẻ thành quả của bạn nhé!'),(3,3,'Làm Bánh Mì Bơ Tỏi Thơm Nức Mũi','2025-03-12 19:40:00','Bánh mì bơ tỏi là một món ăn đơn giản nhưng đầy quyến rũ, mang đến sự kết hợp hoàn hảo giữa lớp bánh mì giòn rụm, vị béo ngậy của bơ và hương thơm nồng nàn của tỏi. Đây là món ăn lý tưởng cho bữa sáng nhanh gọn, bữa xế chiều nhẹ nhàng, hoặc làm món khai vị trong các buổi tiệc nhỏ tại gia. Dù có nguồn gốc từ phương Tây, bánh mì bơ tỏi đã được người Việt biến tấu để phù hợp với khẩu vị địa phương, thậm chí còn được “nâng cấp” với phong cách Hàn Quốc hiện đại khi thêm phô mai tan chảy. Dưới đây là hướng dẫn chi tiết để bạn tự tay làm món bánh mì bơ tỏi thơm nức mũi ngay tại nhà, vừa dễ thực hiện vừa đảm bảo ngon chuẩn vị.\n\n**Nguyên liệu** cần chuẩn bị không quá cầu kỳ nhưng đòi hỏi sự chọn lọc để đạt được hương vị tốt nhất. Bạn cần 1 ổ bánh mì baguette dài (loại bánh mì Việt Nam với vỏ giòn, ruột mềm là lựa chọn hoàn hảo), 100g bơ lạt (nên dùng bơ lạt để tránh vị mặn át đi hương tỏi), 4-5 tép tỏi băm nhuyễn (tỏi ta thơm hơn tỏi Trung Quốc), 1 muỗng canh đường trắng, 1/2 muỗng cà phê muối, và tùy chọn thêm 50g phô mai mozzarella bào sợi nếu bạn muốn có lớp phô mai tan chảy béo ngậy trên bề mặt. Để tăng thêm hương vị, bạn có thể chuẩn bị một ít rau mùi tây khô (parsley) hoặc lá oregano – những loại thảo mộc này sẽ làm món bánh thêm phần tinh tế.\n\n**Các bước thực hiện** rất dễ dàng, ngay cả với những người mới bắt đầu vào bếp. Đầu tiên, bật lò nướng lên 180°C để làm nóng trước (nếu không có lò, bạn có thể dùng chảo chống dính, tôi sẽ hướng dẫn cách làm ở phần mẹo). Trong lúc chờ lò nóng, bạn cắt bánh mì thành từng lát dày khoảng 1-2cm nếu muốn làm bánh mì lát, hoặc khứa đều trên bề mặt bánh với khoảng cách 2cm nếu muốn giữ nguyên ổ bánh mì dài. Tiếp theo, chuẩn bị hỗn hợp bơ tỏi – linh hồn của món ăn. Đun chảy bơ lạt trong lò vi sóng (khoảng 20-30 giây) hoặc trên chảo nhỏ với lửa thấp, sau đó trộn đều bơ với tỏi băm nhuyễn, đường, muối. Khuấy kỹ để các nguyên liệu hòa quyện thành một hỗn hợp sánh mịn, tỏa hương thơm nồng của tỏi quyện với vị béo của bơ. Dùng cọ phết hỗn hợp này lên từng lát bánh mì hoặc vào các khe khứa, đảm bảo bơ thấm đều cả mặt trên và các kẽ hở. Nếu dùng phô mai, rắc một lớp phô mai mozzarella lên trên mỗi lát bánh để tạo độ béo và đẹp mắt.\n\nĐặt bánh mì lên khay nướng đã lót giấy bạc (giấy bạc giúp bánh không dính khay và dễ vệ sinh), sau đó cho vào lò nướng ở nhiệt độ 180°C trong 10-15 phút. Thời gian nướng có thể linh hoạt tùy theo sở thích: nướng 10 phút nếu bạn muốn bánh mềm bên trong, giòn bên ngoài; hoặc 15 phút để bánh vàng đều, giòn rụm như bánh quy. Khi bánh chín, lấy ra khỏi lò, bạn sẽ ngay lập tức ngửi thấy mùi thơm quyến rũ lan tỏa khắp căn bếp – mùi bơ béo hòa cùng tỏi phi thơm nức mũi. Rắc thêm chút rau mùi tây khô hoặc oregano lên trên để trang trí và tăng hương vị, sau đó thưởng thức ngay khi bánh còn nóng hổi.\n\n**Mẹo nhỏ** để món bánh mì bơ tỏi đạt chuẩn: Sử dụng bơ lạt thay vì bơ mặn để kiểm soát độ mặn và giữ vị ngọt nhẹ tự nhiên của bánh. Nếu không có lò nướng, bạn có thể áp chảo bánh trên chảo chống dính với lửa nhỏ, trở đều hai mặt cho đến khi vàng giòn – cách này vẫn đảm bảo độ thơm ngon. Ngoài ra, hãy thử biến tấu bằng cách thêm một chút mật ong vào hỗn hợp bơ tỏi để có vị ngọt thanh độc đáo, hoặc trộn thêm ớt bột nếu bạn thích chút cay nhẹ kích thích vị giác.\n\nChỉ với vài bước đơn giản và khoảng 20 phút chuẩn bị, bạn đã có thể tự tay làm ra những lát bánh mì bơ tỏi nóng hổi, thơm lừng để chiêu đãi gia đình hoặc bạn bè. Món ăn này không chỉ ngon miệng mà còn dễ dàng gây ấn tượng bởi mùi thơm đặc trưng khó cưỡng. Hãy thử làm ngay hôm nay và cảm nhận sự tuyệt vời từ món bánh mì bơ tỏi này nhé!'),(4,4,'Khám Phá Hải Sản Miền Trung','2025-03-12 19:45:00','Miền Trung Việt Nam, với đường bờ biển dài hàng nghìn kilomet trải từ Thanh Hóa đến Bình Thuận, là vùng đất được thiên nhiên ưu ái ban tặng nguồn hải sản dồi dào và phong phú. Từ những con tôm hùm mọng thịt ở Phú Yên, mực tươi rói ở Đà Nẵng, đến cá mú ngọt lành ở Nha Trang, hải sản miền Trung không chỉ làm say lòng thực khách bởi độ tươi ngon mà còn bởi cách chế biến độc đáo, đậm chất địa phương. Nếu bạn là một tín đồ của hải sản hoặc đơn giản là muốn khám phá ẩm thực vùng biển, hãy cùng chúng tôi bắt đầu hành trình thưởng thức những món hải sản đặc trưng của miền Trung qua bài viết chi tiết này.\n\nTrước hết, hãy nói về **tôm hùm nướng bơ tỏi** – một món ăn “xa xỉ” nhưng lại rất phổ biến ở các vùng biển miền Trung như Phú Yên, Nha Trang hay Quy Nhơn. Tôm hùm ở đây thường được đánh bắt trực tiếp từ biển, với lớp vỏ cứng bóng loáng, thịt bên trong trắng ngần, chắc nịch và ngọt tự nhiên. Để chế biến, bạn chọn những con tôm hùm còn sống, khỏe mạnh (khoảng 500g-1kg/con là lý tưởng), rửa sạch bằng nước muối loãng để khử mùi tanh, sau đó bổ đôi theo chiều dọc từ đầu đến đuôi. Phết lên phần thịt tôm một lớp hỗn hợp bơ lạt tan chảy trộn với tỏi băm nhuyễn, chút muối và tiêu, rồi đặt lên vỉ nướng trên than hoa đỏ rực. Nướng khoảng 10-15 phút, đến khi vỏ tôm chuyển màu đỏ cam rực rỡ, thịt chín tới, vẫn giữ được độ mọng nước và không bị khô. Khi thưởng thức, bạn sẽ cảm nhận được vị ngọt tự nhiên của tôm hòa quyện với mùi thơm béo ngậy của bơ và chút nồng cay của tỏi – một sự kết hợp khiến bất kỳ ai cũng phải xuýt xoa.\n\nTiếp theo là **mực nướng sa tế**, món ăn dân dã nhưng cực kỳ hấp dẫn, thường xuất hiện trong các quán nhậu ven biển Đà Nẵng, Hội An hay Quảng Ngãi. Mực được chọn là loại mực ống hoặc mực lá tươi, vừa đánh bắt từ biển, thân mực căng tròn, trắng đục, còn nguyên độ đàn hồi. Sau khi làm sạch, mực được khứa nhẹ trên thân thành những đường chéo để thấm gia vị, rồi ướp với hỗn hợp sa tế tự làm từ ớt tươi, tỏi, sả băm nhuyễn, thêm chút dầu ăn, muối, đường và nước mắm trong khoảng 30 phút. Khi nướng trên than hoa, mực tỏa mùi thơm cay nồng đặc trưng, thịt mực săn lại, dai giòn nhưng không dai cứng, bên ngoài vàng óng nhờ lớp sa tế bám đều. Món này thường được ăn kèm với rau răm, chấm muối ớt xanh hoặc nước mắm ớt để tăng thêm độ đậm đà, kích thích vị giác.\n\n**Cá bớp hấp sả gừng** lại mang đến một phong cách chế biến thanh nhẹ, tinh tế, rất được yêu thích ở các vùng biển miền Trung. Cá bớp (hay còn gọi là cá mú bớp) là loại cá biển có thịt trắng, ngọt, ít xương và gần như không tanh, rất phù hợp để hấp giữ nguyên vị tươi ngon. Để làm món này, cá bớp được làm sạch vảy và nội tạng, rửa qua nước muối, sau đó ướp với muối, tiêu, gừng thái sợi, sả đập dập trong khoảng 20 phút để gia vị thấm đều. Đặt cá vào xửng hấp, thêm vài nhánh sả và gừng lên trên, hấp cách thủy trong 15-20 phút với lửa vừa. Khi chín, thịt cá mềm, ngọt tự nhiên, thơm mùi sả gừng thoang thoảng, chấm với nước mắm gừng hoặc nước mắm ớt đều rất hợp khẩu vị. Món này không chỉ ngon mà còn bổ dưỡng, phù hợp cho cả gia đình.\n\nCuối cùng, **cháo hàu** là một lựa chọn tuyệt vời để làm ấm bụng trong những ngày gió biển se lạnh. Hàu được đánh bắt từ các vùng biển miền Trung như Lăng Cô (Huế) hay Sa Huỳnh (Quảng Ngãi), mỗi con hàu mập mạp, béo ngậy, đầy dưỡng chất. Để nấu cháo, hàu tươi được tách vỏ, rửa sạch với nước muối để loại bỏ cát, sau đó xào sơ với hành phi, tỏi băm và chút gia vị cho thơm. Gạo tẻ được rang vàng trước khi nấu để tăng độ thơm, sau đó ninh nhừ với nước dùng gà hoặc nước xương heo, thêm hàu đã xào vào khi cháo gần chín. Cháo hàu thành phẩm có màu trắng đục, sánh mịn, quyện với vị béo của hàu, thơm lừng mùi hành lá, rau mùi rắc lên trên, thêm chút tiêu xay để dậy vị.\n\nNếu có dịp ghé miền Trung, đừng quên thưởng thức các món hải sản này tại những địa điểm nổi tiếng như Nha Trang với tôm hùm trứ danh, Đà Nẵng với mực nướng thơm lừng, hay Phú Yên với cá bớp tươi ngon. Mỗi món ăn không chỉ là một trải nghiệm ẩm thực mà còn là một câu chuyện về vùng đất, con người và biển cả miền Trung. Hãy lên kế hoạch khám phá và thưởng thức ngay nhé!'),(5,5,'Cách Pha Cà Phê Phin Chuẩn Việt','2025-03-12 19:50:00','Cà phê phin không chỉ là một thức uống mà còn là một nét đẹp trong văn hóa Việt Nam, gắn liền với hình ảnh những giọt cà phê đen óng ánh chậm rãi nhỏ xuống từ chiếc phin bạc trên bàn gỗ cũ kỹ. Từ những gánh hàng rong ven đường đến các quán cà phê vỉa hè đông đúc, cà phê phin đã trở thành một phần không thể thiếu trong đời sống hàng ngày của người Việt. Với vị đậm đà, hương thơm nồng nàn và cách pha chế tỉ mỉ, đây là thức uống mang đậm hồn Việt, khác biệt hoàn toàn so với các loại cà phê pha máy hiện đại. Nếu bạn muốn tự tay pha một ly cà phê phin chuẩn vị tại nhà, hãy làm theo hướng dẫn chi tiết dưới đây để cảm nhận trọn vẹn tinh túy của cà phê Việt Nam.\n\n**Nguyên liệu** để pha cà phê phin rất đơn giản nhưng đòi hỏi sự chọn lọc kỹ càng để đảm bảo chất lượng. Bạn cần khoảng 20-25g cà phê bột nguyên chất (nên chọn loại Robusta rang vừa hoặc Arabica rang mộc để có vị đậm và hương thơm đặc trưng), một chiếc phin cà phê bằng inox hoặc nhôm (phin truyền thống Việt Nam), 50ml sữa đặc nếu bạn thích cà phê sữa ngọt ngào, và một ít đá viên nếu muốn thưởng thức cà phê đá mát lạnh. Nước sôi là yếu tố không thể thiếu, nên đun đến nhiệt độ 90-95°C (không dùng nước sôi 100°C để tránh làm cà phê bị cháy, mất mùi thơm).\n\n**Các bước thực hiện** bắt đầu bằng việc làm nóng phin và ly – một bước quan trọng nhưng thường bị bỏ qua. Đổ nước sôi vào phin và ly, khuấy nhẹ rồi đổ đi, vừa giúp làm sạch dụng cụ vừa giữ nhiệt tốt hơn khi pha. Sau đó, cho 3-4 muỗng cà phê bột (khoảng 20-25g) vào phin, dùng tay hoặc nắp gài lắc nhẹ để bột dàn đều, rồi nén nhẹ bằng nắp gài. Độ nén rất quan trọng: không nén quá chặt vì nước sẽ khó thấm qua, cũng không nén quá lỏng vì cà phê sẽ chảy nhanh và nhạt. Đổ khoảng 20ml nước sôi vào phin, đậy nắp và chờ 1-2 phút để cà phê nở đều và thấm nước – đây là bước “ủ” giúp giải phóng tối đa hương thơm và vị đậm của cà phê. Tiếp theo, đổ thêm 50ml nước sôi (tổng cộng 70ml nước), đặt phin lên ly và chờ từng giọt cà phê nhỏ xuống. Thời gian chảy lý tưởng là 5-7 phút, mỗi giọt rơi đều đặn, chậm rãi, mang theo màu nâu đậm đặc trưng. Nếu cà phê chảy quá nhanh (dưới 3 phút), bạn cần nén chặt hơn; nếu quá chậm (trên 10 phút), hãy nén nhẹ hơn ở lần pha sau.\n\nKhi cà phê đã chảy hết, bạn có thể tùy chỉnh theo sở thích. Nếu thích cà phê đen, thêm 1-2 muỗng cà phê đường, khuấy đều để cân bằng vị đắng nhẹ. Nếu muốn cà phê sữa, cho 2-3 muỗng sữa đặc vào ly trước khi đặt phin lên, sau đó khuấy đều để sữa tan hoàn toàn trong dòng cà phê nóng, tạo nên màu nâu nhạt đẹp mắt và vị béo ngọt quyến rũ. Với cà phê đá, thêm đá viên vào ly sau khi pha xong, khuấy nhẹ để cà phê hòa quyện với đá lạnh, mang đến cảm giác sảng khoái tức thì.\n\n**Mẹo nhỏ** để ly cà phê phin ngon hơn: Chọn cà phê rang xay nguyên chất, tránh các loại pha tạp hoặc tẩm hương liệu để giữ được vị tự nhiên. Độ nén phin cần điều chỉnh tùy khẩu vị – nén chặt cho vị đậm đà, nén nhẹ cho vị thanh thoát. Một bí quyết của nhiều người pha cà phê lâu năm là thêm một chút muối tinh (chỉ vài hạt) vào ly trước khi pha, giúp làm nổi bật hương vị và giảm bớt vị đắng gắt. Ngoài ra, hãy dùng nước tinh khiết để pha, tránh nước máy có mùi clo làm ảnh hưởng đến mùi thơm của cà phê.\n\nVới cách pha này, bạn sẽ có một ly cà phê phin chuẩn Việt, đậm đà, thơm lừng, sẵn sàng khởi đầu ngày mới hoặc thư giãn trong những phút giây yên bình. Hãy dành thời gian ngồi ngắm từng giọt cà phê rơi, nhâm nhi và cảm nhận sự tinh tế trong từng ngụm – đó chính là cái hồn của cà phê Việt Nam. Bạn đã sẵn sàng thử chưa?'),(6,6,'Nấu Phở Bò Thơm Ngon Tại Nhà','2025-03-12 19:55:00','Phở bò là một trong những món ăn truyền thống nổi tiếng nhất của Việt Nam, được yêu thích không chỉ trong nước mà còn trên toàn thế giới. Với nước dùng trong veo, thơm nồng từ xương bò ninh lâu, sợi phở mềm mịn, thịt bò tươi ngon và rau thơm điểm xuyết, phở bò mang đến một hương vị đậm đà, tinh tế mà khó có món ăn nào sánh bằng. Nếu bạn nghĩ rằng nấu phở bò là một việc phức tạp chỉ dành cho các đầu bếp chuyên nghiệp, thì hãy yên tâm – với hướng dẫn chi tiết dưới đây, bạn hoàn toàn có thể tự tay nấu một nồi phở bò thơm ngon tại nhà để chiêu đãi gia đình và bạn bè.\n\n**Nguyên liệu** là yếu tố quyết định chất lượng của nồi phở, vì vậy cần chuẩn bị đầy đủ và kỹ lưỡng. Bạn cần 1kg xương bò (xương ống hoặc xương đuôi là tốt nhất để nước dùng ngọt), 500g thịt bò tươi (chọn bắp bò hoặc thịt thăn để thái mỏng), 1kg bánh phở tươi, 1 củ gừng lớn (khoảng 100g), 1 củ hành tây, 2 thanh quế, 3 hoa hồi, 1 muỗng cà phê hạt mùi (ngò), và các loại gia vị như muối, đường, nước mắm. Rau ăn kèm không thể thiếu gồm rau thơm (húng quế, ngò rí), giá đỗ, chanh tươi, ớt đỏ và tương ớt, tương đen để tăng hương vị.\n\n**Các bước thực hiện** bắt đầu bằng việc nấu nước dùng – linh hồn của phở bò. Rửa sạch xương bò, chần qua nước sôi khoảng 5 phút để loại bỏ bọt bẩn và mùi hôi, sau đó rửa lại bằng nước lạnh. Cho xương vào nồi lớn, đổ khoảng 3-4 lít nước, đun sôi rồi hạ lửa nhỏ, ninh trong 4-6 giờ để nước dùng ngọt tự nhiên. Trong quá trình ninh, thường xuyên hớt bọt để nước trong. Nướng sơ gừng và hành tây trên bếp cho thơm (đến khi vỏ ngoài cháy xém), sau đó cạo sạch vỏ, đập dập và cho vào nồi nước dùng cùng quế, hồi, hạt mùi đã rang vàng. Các loại gia vị này sẽ tạo nên mùi thơm đặc trưng của phở mà bạn thường ngửi thấy ở các quán nổi tiếng. Sau khoảng 4 giờ, nêm nồi nước dùng với 2 muỗng canh muối, 1 muỗng canh đường, 2 muỗng canh nước mắm, nếm thử và điều chỉnh cho vừa miệng – nước dùng cần có vị ngọt thanh, hơi mặn nhẹ và thơm nồng.\n\nTrong lúc chờ nước dùng, chuẩn bị các nguyên liệu khác. Thịt bò rửa sạch, để ráo, thái thật mỏng (bạn có thể để thịt vào ngăn đá 20 phút trước khi thái để dễ thao tác hơn), sau đó để riêng ra đĩa. Bánh phở trụng qua nước sôi trong 30 giây, để ráo nước rồi cho vào tô. Rau thơm và giá đỗ rửa sạch, để ráo, cắt nhỏ nếu cần. Khi nước dùng đã ninh đủ thời gian, vớt bỏ xương và gia vị, lọc lại qua rây để nước thật trong.\n\nĐể trình bày tô phở, xếp bánh phở vào tô, đặt thịt bò thái mỏng lên trên, thêm chút hành lá và rau mùi cắt nhỏ. Đun sôi lại nồi nước dùng, sau đó chan nước nóng trực tiếp vào tô để thịt bò chín tái ngay lập tức – cách này giữ được độ mềm và ngọt của thịt. Cuối cùng, dọn kèm rau thơm, giá đỗ, chanh, ớt tươi, tương ớt và tương đen để thực khách tự gia giảm theo sở thích.\n\n**Mẹo nhỏ** để phở bò ngon hơn: Chọn xương bò tươi, có tủy để nước dùng ngọt đậm; ninh xương với lửa nhỏ và hớt bọt thường xuyên để nước trong veo. Nếu thích phở đậm vị hơn, bạn có thể thêm một ít bột ngọt hoặc nước mắm khi nêm. Ngoài ra, nướng gừng và hành tây kỹ sẽ giúp tăng mùi thơm đặc trưng – đây là bí quyết của nhiều quán phở lâu đời.\n\nVới công thức này, bạn sẽ có một nồi phở bò thơm ngon, chuẩn vị để cả gia đình quây quần thưởng thức. Hãy thử làm vào cuối tuần và cảm nhận niềm vui khi tự tay nấu được món ăn truyền thống tuyệt vời này nhé!'),(7,7,'Gói Bánh Chưng Ngày Tết Đúng Chuẩn','2025-03-12 20:00:00','Bánh chưng là biểu tượng không thể thiếu trong ngày Tết cổ truyền của người Việt, mang ý nghĩa sâu sắc về đất trời, lòng biết ơn tổ tiên và sự đoàn viên gia đình. Với lớp vỏ gạo nếp dẻo thơm, nhân đậu xanh bùi béo, thịt heo đậm đà và màu xanh đặc trưng từ lá dong, bánh chưng không chỉ là một món ăn mà còn là một phần ký ức văn hóa của dân tộc. Nếu bạn muốn tự tay gói bánh chưng để chuẩn bị cho Tết, hãy làm theo hướng dẫn chi tiết dưới đây để có những chiếc bánh vuông vức, thơm ngon và đúng chuẩn truyền thống.\n\n**Nguyên liệu** cần chuẩn bị đòi hỏi sự tỉ mỉ trong khâu lựa chọn để đảm bảo chất lượng. Bạn cần 2kg gạo nếp (chọn loại nếp cái hoa vàng hoặc nếp nhung để hạt dẻo, thơm), 1kg đậu xanh (loại không vỏ, hạt vàng đều), 800g thịt lợn ba chỉ (có cả nạc và mỡ để nhân mềm), 20-30 lá dong tươi (lá to, không rách), lạt tre (hoặc dây lạt nhựa mềm), và các gia vị như muối, tiêu, nước mắm, hành tím. Nếu muốn bánh đẹp hơn, bạn có thể chuẩn bị thêm khuôn gỗ vuông (kích thước 20x20cm).\n\n**Các bước thực hiện** bắt đầu từ việc chuẩn bị nguyên liệu – công đoạn quan trọng để bánh ngon và giữ được lâu. Gạo nếp vo sạch, ngâm trong nước lạnh 6-8 giờ (hoặc qua đêm), sau đó để ráo nước, trộn với 1 muỗng canh muối để gạo có vị đậm. Đậu xanh ngâm 4-6 giờ, đãi sạch vỏ, đồ chín rồi giã nhuyễn, trộn với chút muối và tiêu cho thơm. Thịt ba chỉ rửa sạch, thái miếng vuông vừa ăn (khoảng 5x5cm), ướp với 2 muỗng canh nước mắm, 1 muỗng cà phê tiêu, 2 muỗng cà phê hành tím băm trong 2 giờ để thấm gia vị. Lá dong rửa sạch từng lá, lau khô, cắt bỏ phần cuống cứng.\n\nKhi gói bánh, xếp 2-3 lá dong chồng lên nhau (mặt xanh quay ra ngoài), đặt khuôn gỗ lên trên nếu dùng khuôn, hoặc gói tay nếu bạn đã quen. Rải một lớp gạo nếp mỏng xuống đáy (khoảng 1cm), sau đó thêm một lớp đậu xanh (ép chặt), đặt miếng thịt ba chỉ vào giữa, phủ thêm một lớp đậu xanh, rồi kết thúc bằng một lớp gạo nếp dày hơn ở trên. Gấp các mép lá dong lại thật chặt, vuốt phẳng để bánh vuông vức, sau đó dùng lạt tre buộc chắc chắn (ít nhất 4-6 vòng để cố định). Một mẹo nhỏ là gói bánh hơi chặt tay để khi luộc, gạo nở ra vừa khít, không bị lỏng lẻo.\n\nCho bánh vào nồi lớn, đổ nước ngập bánh, đun sôi rồi hạ lửa nhỏ, luộc liên tục trong 10-12 giờ. Trong quá trình luộc, kiểm tra mực nước thường xuyên, châm thêm nước sôi nếu nước cạn để bánh chín đều. Sau khi luộc xong, vớt bánh ra, rửa qua nước lạnh để sạch lá, sau đó ép bánh dưới vật nặng (như thớt gỗ) trong 2-3 giờ để bánh săn chắc và vuông đẹp.\n\n**Mẹo nhỏ** để bánh chưng chuẩn vị: Chọn lá dong tươi, không rách để bánh có màu xanh đẹp; ngâm gạo và đậu đủ thời gian để nguyên liệu mềm, dễ chín. Nếu muốn bánh giữ được lâu, sau khi nguội, bọc bánh trong màng bọc thực phẩm và bảo quản ở ngăn mát tủ lạnh. Khi ăn, bạn có thể cắt lát mỏng, chiên giòn hoặc hấp lại để thưởng thức.\n\nGói bánh chưng không chỉ là việc chuẩn bị món ăn mà còn là cách để gắn kết gia đình, gìn giữ truyền thống Tết Việt. Hãy thử làm ngay để mang không khí Tết trọn vẹn đến ngôi nhà của bạn nhé!'),(8,8,'Món Ngon Từ Dừa Miền Tây','2025-03-12 20:05:00','Miền Tây Nam Bộ, với những vườn dừa bạt ngàn trải dài bên dòng sông Cửu Long, từ lâu đã nổi tiếng là “vương quốc dừa” của Việt Nam. Dừa không chỉ là cây kinh tế mà còn là nguồn cảm hứng cho hàng loạt món ăn đặc sắc, từ món ngọt thanh mát đến món mặn đậm đà. Từ nước dừa ngọt lành, cơm dừa béo ngậy đến lá dừa thơm tho, mọi phần của cây dừa đều được người dân miền Tây tận dụng khéo léo để tạo nên những món ngon khó cưỡng. Hãy cùng khám phá những món ăn tuyệt vời từ dừa qua hướng dẫn chi tiết dưới đây để cảm nhận trọn vẹn hương vị miền Tây.\n\nMột trong những món nổi bật nhất là **chè dừa non**, món tráng miệng thanh mát rất được yêu thích vào mùa hè. Để làm chè dừa non, bạn cần chuẩn bị 2 trái dừa non (gọt lấy phần cơm dừa mềm), 400ml nước cốt dừa, 200ml nước dừa tươi, 100g đường thốt nốt (hoặc đường nâu), và một ít lá dứa để tạo mùi thơm. Cơm dừa non được bào sợi mỏng, nước dừa tươi đun sôi cùng đường thốt nốt và lá dứa cho tan, sau đó thêm nước cốt dừa, khuấy đều với lửa nhỏ đến khi sôi nhẹ thì tắt bếp. Cho cơm dừa bào sợi vào bát, chan hỗn hợp nước cốt dừa lên trên, thêm đá viên nếu thích lạnh. Chè dừa non mang vị ngọt dịu, béo nhẹ, thơm thoảng mùi lá dứa, rất thích hợp để giải nhiệt.\n\nTiếp theo là **gà hấp lá dừa**, một món mặn độc đáo thể hiện sự sáng tạo của người miền Tây. Chọn 1 con gà ta khoảng 1,5kg, làm sạch, ướp với muối, tiêu, tỏi băm, sả băm, nước mắm trong 1 giờ. Lá dừa tươi (chọn lá non để dễ gói) rửa sạch, trải ra, đặt gà đã ướp lên trên, gói kín lại như gói bánh chưng, sau đó hấp cách thủy trong 45-60 phút. Khi chín, lá dừa thấm vào thịt gà tạo mùi thơm đặc trưng, thịt gà mềm, ngọt, đậm đà gia vị, ăn kèm muối tiêu chanh hoặc nước mắm ớt đều ngon tuyệt.\n\n**Bánh xèo dừa** là phiên bản đặc biệt của bánh xèo miền Tây, với lớp vỏ béo ngậy từ nước cốt dừa. Pha bột bánh từ 200g bột gạo, 100ml nước cốt dừa, 200ml nước lọc, 1 muỗng cà phê bột nghệ (cho màu vàng đẹp), chút muối. Nhân bánh gồm tôm tươi, thịt heo, giá đỗ, hành lá. Đổ bánh trên chảo nóng, chiên vàng giòn hai mặt, cuốn cùng rau sống như cải xanh, húng quế, chấm nước mắm chua ngọt. Vị béo của nước cốt dừa hòa quyện với nhân tôm thịt tạo nên một hương vị khó quên.\n\nCuối cùng, **kem dừa** là món tráng miệng đơn giản nhưng cực kỳ hấp dẫn. Trộn 400ml nước cốt dừa, 200ml sữa đặc, 100ml sữa tươi, 50g dừa khô nạo nhỏ, đánh đều rồi cho vào máy làm kem (hoặc đổ vào hộp, để đông trong tủ lạnh, cứ 1 giờ khuấy 1 lần để kem mịn). Khi kem đông, múc ra ly, rắc thêm dừa khô rang vàng. Kem dừa béo ngậy, thơm lừng, tan chảy trong miệng, là món ăn vặt lý tưởng cho mọi lứa tuổi.\n\n**Mẹo nhỏ** để món ăn từ dừa ngon hơn: Chọn dừa tươi, nước ngọt tự nhiên để đảm bảo hương vị; tận dụng cả cơm dừa, nước dừa và lá dừa để tăng độ phong phú. Nếu thích sáng tạo, bạn có thể thử nấu cari gà với nước cốt dừa hoặc làm sinh tố dừa kết hợp trái cây.\n\nNhững món ăn từ dừa không chỉ ngon miệng mà còn mang đậm hồn quê miền Tây. Hãy thử làm để cảm nhận sự mộc mạc và ngọt ngào từ vùng đất này nhé!'),(9,9,'Bí Quyết Làm Bánh Flan Mềm Mịn','2025-03-12 20:10:00','Bánh flan (hay còn gọi là caramel custard) là món tráng miệng ngọt ngào, mềm mịn, được yêu thích trên khắp thế giới và cả ở Việt Nam. Với lớp caramel vàng óng ánh bên trên, phần bánh flan béo ngậy bên dưới tan chảy trong miệng, đây là món ăn không chỉ ngon mà còn dễ làm tại nhà. Nếu bạn muốn tự tay làm bánh flan chuẩn vị, mềm mịn như ngoài tiệm mà không bị rỗ hay cứng, hãy làm theo hướng dẫn chi tiết dưới đây để khám phá bí quyết thành công.\n\n**Nguyên liệu** cần chuẩn bị khá đơn giản, nhưng cần chọn loại tươi và chất lượng để bánh đạt độ ngon tối ưu. Bạn cần 5 quả trứng gà (chọn trứng tươi, lòng đỏ vàng đậm), 500ml sữa tươi không đường, 100ml sữa đặc (tạo độ béo và ngọt), 150g đường trắng (dùng cho cả caramel và bánh), 1 muỗng cà phê vani (dạng lỏng hoặc tinh chất để tăng mùi thơm), và một ít nước lọc. Dụng cụ gồm khuôn nhỏ (khuôn inox hoặc thủy tinh chịu nhiệt), nồi hấp, và rây lọc.\n\n**Các bước thực hiện** bắt đầu bằng việc làm caramel – lớp áo ngọt ngào của bánh flan. Cho 100g đường vào chảo nhỏ, thêm 2 muỗng canh nước lọc, đun với lửa vừa. Không khuấy ngay mà chỉ lắc nhẹ chảo để đường tan đều, đến khi đường chuyển màu vàng nâu đẹp mắt thì tắt bếp (tránh đun quá lâu vì caramel sẽ đắng). Đổ nhanh caramel vào đáy các khuôn, nghiêng khuôn để caramel dàn đều, sau đó để nguội cho caramel đông lại.\n\nTiếp theo là pha hỗn hợp bánh flan. Đánh tan 5 quả trứng gà (cả lòng trắng và lòng đỏ) trong một tô lớn, nhưng không đánh quá mạnh để tránh tạo bọt khí – bọt khí sẽ làm bánh bị rỗ. Đun nóng 500ml sữa tươi với 50g đường còn lại và 100ml sữa đặc trên bếp, khuấy đều cho đường tan, đến khi sữa ấm (khoảng 50-60°C) thì tắt bếp, không đun sôi để tránh làm mất chất sữa. Từ từ đổ sữa ấm vào tô trứng, vừa đổ vừa khuấy nhẹ tay để hỗn hợp hòa quyện mà không bị vón cục. Thêm 1 muỗng cà phê vani, khuấy đều, sau đó lọc hỗn hợp qua rây để loại bỏ cặn và bọt, giúp bánh mịn hơn. Đổ hỗn hợp này vào các khuôn đã có caramel, không đổ quá đầy để tránh tràn khi hấp.\n\nĐặt các khuôn vào xửng hấp, đổ nước vào nồi sao cho mực nước chỉ bằng 1/3 chiều cao khuôn, đậy kín nắp và hấp cách thủy với lửa nhỏ trong 30-40 phút. Để kiểm tra bánh chín chưa, dùng tăm xiên vào giữa bánh – nếu tăm sạch, không dính là bánh đã chín. Tắt bếp, để bánh nguội hoàn toàn, sau đó cho vào tủ lạnh 2-3 giờ để bánh săn chắc và mát lạnh trước khi thưởng thức. Khi ăn, dùng dao lách nhẹ quanh thành khuôn, úp ngược bánh ra đĩa để lớp caramel chảy đều lên trên.\n\n**Mẹo nhỏ** để bánh flan mềm mịn: Không đánh trứng quá mạnh để tránh bọt khí; hấp với lửa nhỏ và đậy kín nắp để hơi nước không rơi xuống mặt bánh. Nếu thích bánh béo hơn, bạn có thể thay 100ml sữa tươi bằng kem tươi (whipping cream). Ngoài ra, điều chỉnh lượng đường trong hỗn hợp tùy khẩu vị – ít đường cho vị thanh, nhiều đường cho vị ngọt đậm.\n\nVới công thức này, bạn sẽ có những chiếc bánh flan mềm mại, mịn màng, tan chảy trong miệng, sẵn sàng làm hài lòng bất kỳ ai thưởng thức. Hãy thử làm để chiêu đãi gia đình hoặc bạn bè trong những dịp đặc biệt nhé!'),(10,10,'Nấu Lẩu Thái Chua Cay Đúng Điệu','2025-03-12 20:15:00','Lẩu Thái là một món ăn nổi tiếng với hương vị chua cay đặc trưng, kết hợp giữa sự tươi ngon của hải sản, vị béo của nước cốt dừa và mùi thơm nồng nàn từ các loại gia vị như sả, gừng, lá chanh. Đây là món ăn lý tưởng để quây quần bên gia đình hoặc bạn bè trong những ngày se lạnh, vừa ấm bụng vừa kích thích vị giác. Nếu bạn yêu thích ẩm thực Thái Lan và muốn tự tay nấu một nồi lẩu Thái chuẩn vị tại nhà, hãy làm theo hướng dẫn chi tiết dưới đây để mang đến một bữa ăn đậm đà, thơm ngon.\n\n**Nguyên liệu** cần chuẩn bị khá đa dạng để tạo nên hương vị đặc trưng của lẩu Thái. Bạn cần 200g tôm sú tươi, 200g mực ống, 200g ngao (hoặc sò), 1 lít nước dùng gà (hoặc nước xương heo), 200ml nước cốt dừa, 3 cây sả, 1 củ gừng, 5-7 lá chanh, 3-4 quả ớt tươi, 2 quả cà chua, 50g me chua (hoặc 2 muỗng canh nước cốt me), và các gia vị như nước mắm, đường, muối. Rau và nấm ăn kèm gồm nấm rơm, cải thảo, rau muống, mồng tơi, thêm bún tươi để nhúng lẩu.\n\n**Các bước thực hiện** bắt đầu bằng việc nấu nước dùng – nền tảng của nồi lẩu Thái. Đập dập 3 cây sả, cắt khúc; gừng gọt vỏ, thái lát mỏng; lá chanh vò nhẹ để dậy mùi. Cho dầu ăn vào nồi, phi thơm sả, gừng, ớt băm nhỏ, sau đó đổ 1 lít nước dùng gà vào đun sôi. Thêm nước cốt dừa, khuấy đều để hỗn hợp hòa quyện, tạo màu trắng đục và vị béo nhẹ. Nêm gia vị với 2 muỗng canh nước mắm, 1 muỗng canh đường, nước cốt me (đun me chua với nước nóng, dằm lấy nước cốt), nếm thử để cân bằng vị chua, cay, mặn, ngọt – đặc trưng của lẩu Thái. Thả cà chua cắt múi cau và lá chanh thái nhỏ vào nồi, đun thêm 5 phút để nước dùng dậy mùi thơm.\n\nChuẩn bị nguyên liệu nhúng lẩu trong lúc chờ nước dùng sôi. Tôm sú bóc vỏ, rút chỉ đen; mực ống làm sạch, khứa caro, cắt miếng vừa ăn; ngao ngâm nước muối ớt để nhả cát, rửa sạch. Rau và nấm rửa sạch, để ráo, bày ra đĩa. Khi nước lẩu đã sôi và nêm vừa miệng, đặt nồi lẩu lên bếp ga mini hoặc bếp từ giữa bàn ăn. Thả lần lượt hải sản (ngao, tôm, mực), nấm, rau vào nồi, chờ chín rồi vớt ra ăn kèm bún tươi. Nước lẩu có thể chấm thêm với nước mắm ớt để tăng độ đậm đà.\n\n**Mẹo nhỏ** để lẩu Thái đúng điệu: Điều chỉnh độ cay bằng lượng ớt tươi – nếu thích cay nhẹ, dùng 1-2 quả; nếu thích cay nồng, thêm 3-4 quả hoặc sa tế. Dùng lá chanh tươi thái nhỏ rắc vào cuối cùng để tăng mùi thơm; nước cốt dừa không nên đun quá lâu để tránh bị tách dầu. Nếu muốn phong phú hơn, bạn có thể thêm cá lóc, thịt bò hoặc nấm kim châm vào nồi lẩu.\n\nVới công thức này, bạn sẽ có một nồi lẩu Thái chua cay, nóng hổi, thơm lừng để cả gia đình cùng thưởng thức. Hãy chuẩn bị thêm vài ly trà đá hoặc nước dừa tươi để cân bằng vị cay, và tận hưởng bữa ăn thật trọn vẹn nhé!'),(11,11,'Làm Bánh Cuốn Nóng Hổi Tại Nhà','2025-03-12 20:20:00','Bánh cuốn là món ăn truyền thống của Việt Nam, nổi tiếng với lớp bánh mỏng mềm như lụa, nhân thịt băm thơm ngon và nước chấm chua ngọt đậm đà. Từ những gánh hàng rong sáng sớm đến các quán ăn gia truyền, bánh cuốn luôn mang đến cảm giác gần gũi, ấm áp cho bất kỳ ai thưởng thức. Nếu bạn muốn tự tay làm bánh cuốn nóng hổi tại nhà để chiêu đãi gia đình, hãy làm theo hướng dẫn chi tiết dưới đây – vừa đơn giản vừa đảm bảo chuẩn vị truyền thống.\n\n**Nguyên liệu** cần chuẩn bị không quá phức tạp, nhưng đòi hỏi sự tươi ngon để bánh đạt chất lượng tốt nhất. Bạn cần 200g bột gạo, 50g bột năng (giúp bánh mềm và dai), 500ml nước lọc, 200g thịt heo băm, 20g mộc nhĩ (ngâm nở, băm nhỏ), 2 củ hành tím băm nhuyễn, và các gia vị như muối, tiêu, nước mắm. Để ăn kèm, chuẩn bị hành phi, rau mùi, giá đỗ, và nước chấm làm từ nước mắm, đường, giấm, tỏi, ớt. Dụng cụ cần có gồm chảo chống dính (hoặc nồi tráng bánh chuyên dụng), muôi múc bột, và đĩa lớn để cuốn bánh.\n\n**Các bước thực hiện** bắt đầu bằng việc pha bột bánh – yếu tố quyết định độ mềm mịn của bánh cuốn. Trộn 200g bột gạo và 50g bột năng với 500ml nước lọc, thêm 1/2 muỗng cà phê muối, khuấy đều cho bột tan hoàn toàn, không để vón cục. Để bột nghỉ 2-3 giờ (hoặc qua đêm nếu có thời gian) để bột nở, giúp bánh mềm và dễ tráng hơn. Trong lúc chờ bột, làm nhân bánh: phi thơm hành tím với 1 muỗng canh dầu ăn, cho thịt heo băm và mộc nhĩ vào xào, nêm 1 muỗng cà phê nước mắm, 1/2 muỗng cà phê muối, chút tiêu, xào đến khi chín thì để nguội.\n\nĐể tráng bánh, đun nóng chảo chống dính trên bếp với lửa vừa, phết một lớp dầu mỏng lên mặt chảo. Múc một muôi bột (khoảng 50ml), đổ vào chảo, dàn đều thành lớp mỏng, đậy nắp 30 giây-1 phút đến khi bánh chín (bánh chuyển trong, không dính chảo). Dùng spatula hoặc que tre gỡ bánh ra đĩa, cho 1 muỗng nhân thịt vào giữa, gấp mép bánh lại thành hình chữ nhật nhỏ gọn. Lặp lại thao tác này đến khi hết bột và nhân. Nếu dùng nồi tráng bánh truyền thống, căng vải mỏng lên miệng nồi nước sôi, đổ bột lên vải, dàn đều, hấp 1 phút rồi gỡ ra.\n\nPha nước chấm bằng cách trộn nước mắm, đường, giấm, nước lọc theo tỷ lệ 1:1:1:3 (ví dụ: 20ml mắm, 20g đường, 20ml giấm, 60ml nước), thêm tỏi băm, ớt băm cho thơm cay. Trình bày bánh cuốn lên đĩa, rắc hành phi, rau mùi thái nhỏ, để giá đỗ luộc sơ bên cạnh, chan nước chấm lên trên hoặc chấm riêng tùy thích.\n\n**Mẹo nhỏ** để bánh cuốn ngon hơn: Pha bột với chút dầu ăn (1 muỗng cà phê) để bánh mềm và bóng; tráng bánh thật mỏng để giữ độ nhẹ nhàng. Nếu thích nhân phong phú, bạn có thể thêm tôm khô hoặc nấm hương vào xào cùng thịt. Bánh nên ăn ngay khi nóng để cảm nhận trọn vẹn hương vị.\n\nVới công thức này, bạn sẽ có những đĩa bánh cuốn nóng hổi, thơm ngon để làm bữa sáng hoặc bữa nhẹ cho gia đình. Hãy thử làm và tận hưởng cảm giác tuyệt vời khi tự tay tạo ra món ăn truyền thống này nhé!'),(12,12,'Bún Bò Huế Chuẩn Vị Miền Trung','2025-03-12 20:25:00','Bún bò Huế là món ăn đặc trưng của miền Trung Việt Nam, mang đậm hương vị cay nồng, đậm đà và thơm lừng từ nước dùng ninh xương, mắm ruốc và các loại gia vị đặc sản. Không giống phở bò thanh nhẹ của miền Bắc hay bún riêu dịu dàng của miền Nam, bún bò Huế nổi bật với sự mạnh mẽ trong từng hương vị, từ vị cay của ớt, thơm của sả, đến vị ngọt tự nhiên của thịt bò và giò heo. Nếu bạn muốn tự tay nấu một nồi bún bò Huế chuẩn vị để mang không khí Huế vào căn bếp, hãy làm theo hướng dẫn chi tiết dưới đây.\n\n**Nguyên liệu** cần chuẩn bị khá phong phú để tái hiện trọn vẹn hương vị bún bò Huế. Bạn cần 1kg bún tươi (sợi to, dai), 500g xương bò (xương ống hoặc xương đuôi), 500g thịt bò (bắp bò hoặc gân bò), 300g giò heo, 2 muỗng canh mắm ruốc Huế (loại nguyên chất), 4 cây sả, 1 củ hành tím, 1 củ tỏi, 3-4 quả ớt tươi, dầu màu điều, và các gia vị như muối, đường, nước mắm, sa tế. Rau ăn kèm gồm rau thơm (húng quế, rau mùi), giá đỗ, bắp chuối bào, hành lá, và chanh, ớt tươi để gia giảm.\n\n**Các bước thực hiện** bắt đầu bằng việc nấu nước dùng – yếu tố quan trọng nhất của bún bò Huế. Rửa sạch xương bò và giò heo, chần qua nước sôi 5 phút để loại bỏ bọt bẩn, sau đó rửa lại bằng nước lạnh. Cho xương và giò heo vào nồi lớn, đổ 2-3 lít nước, đun sôi rồi hạ lửa nhỏ, ninh trong 3-4 giờ để nước ngọt tự nhiên. Đập dập 4 cây sả, cắt khúc, cho vào nồi cùng xương. Trong lúc ninh, phi thơm hành tím và tỏi băm với 2 muỗng canh dầu ăn, thêm 2 muỗng canh mắm ruốc và 1 muỗng cà phê dầu màu điều, xào đều rồi đổ vào nồi nước dùng để tạo màu đỏ đặc trưng và mùi thơm nồng. Nêm nước dùng với 2 muỗng canh muối, 1 muỗng canh đường, 2 muỗng canh nước mắm, 1 muỗng cà phê sa tế, thêm ớt tươi băm nhỏ để có vị cay đặc trưng – nếm thử để cân bằng các vị mặn, ngọt, cay.\n\nChuẩn bị topping trong lúc chờ nước dùng. Luộc bắp bò và gân bò trong nước sôi khoảng 30-40 phút cho mềm, sau đó thái lát mỏng. Giò heo luộc chín, cắt miếng vừa ăn. Rau thơm, giá đỗ, bắp chuối bào rửa sạch, để ráo, bày ra đĩa. Khi nước dùng đã ninh đủ thời gian, vớt bỏ xương và sả, lọc lại qua rây để nước trong và đẹp mắt. Đun sôi lại nước dùng trước khi trình bày.\n\nĐể trình bày tô bún bò Huế, cho bún tươi vào tô, xếp thịt bò, giò heo lên trên, chan nước dùng nóng hổi, rắc hành lá, rau mùi thái nhỏ. Dọn kèm rau sống, giá đỗ, bắp chuối bào, chanh, ớt tươi và sa tế để thực khách tự gia giảm theo sở thích.\n\n**Mẹo nhỏ** để bún bò Huế chuẩn vị: Dùng mắm ruốc Huế chính gốc để có mùi thơm đặc trưng; ninh nước dùng lâu với lửa nhỏ và hớt bọt thường xuyên để nước trong. Nếu thích cay hơn, bạn có thể thêm ớt bột hoặc ớt xay vào nước dùng. Bắp bò luộc vừa chín tới để giữ độ giòn ngọt.\n\nVới công thức này, bạn sẽ có một nồi bún bò Huế thơm lừng, cay nồng, đậm đà để cả gia đình thưởng thức. Hãy thử làm và cảm nhận hương vị đặc trưng của miền Trung ngay tại nhà nhé!'),(13,13,'Làm Chè Khúc Bạch Thanh Mát','2025-03-12 20:30:00','Chè khúc bạch là món tráng miệng thanh mát, mềm mịn, rất được yêu thích trong những ngày hè nóng bức tại Việt Nam. Với lớp thạch sữa trắng ngần, vị béo nhẹ của kem tươi, kết hợp cùng nước đường lá dứa thơm tho và hạnh nhân rang giòn tan, chè khúc bạch mang đến sự hài hòa giữa hương vị và kết cấu, khiến bất kỳ ai thưởng thức cũng cảm thấy dễ chịu. Nếu bạn muốn tự tay làm món chè này để giải nhiệt cho gia đình, hãy làm theo hướng dẫn chi tiết dưới đây để có những bát chè khúc bạch ngon chuẩn vị.\n\n**Nguyên liệu** cần chuẩn bị đơn giản nhưng cần chọn loại tươi và chất lượng để chè đạt độ ngon tối ưu. Bạn cần 500ml sữa tươi không đường, 200ml kem sữa tươi (whipping cream), 100g đường trắng, 10g bột gelatin (ngâm nở với 50ml nước lạnh), 5 lá dứa tươi, 20g hạnh nhân lát (rang vàng), 300g vải tươi (bóc vỏ, bỏ hạt), và 50g đường phèn để nấu nước đường. Dụng cụ gồm khuôn vuông (hoặc hộp nhựa), nồi nhỏ, và rây lọc.\n\n**Các bước thực hiện** bắt đầu bằng việc làm thạch khúc bạch – phần chính của món chè. Cho bột gelatin vào 50ml nước lạnh, ngâm 10-15 phút cho nở. Đun nóng 500ml sữa tươi với 200ml kem sữa tươi và 100g đường trắng trên bếp, khuấy đều cho đường tan, đến khi hỗn hợp ấm (khoảng 50-60°C) thì tắt bếp. Cho gelatin đã nở vào nồi sữa, khuấy đều để gelatin tan hoàn toàn, sau đó lọc qua rây để hỗn hợp mịn, không lợn cợn. Đổ hỗn hợp vào khuôn vuông, để nguội, sau đó cho vào tủ lạnh 3-4 giờ để thạch đông lại.\n\nTrong lúc chờ thạch đông, nấu nước đường lá dứa. Rửa sạch 5 lá dứa, buộc thành bó, cho vào nồi với 1 lít nước và 50g đường phèn, đun sôi khoảng 10 phút để nước dậy mùi thơm và có vị ngọt nhẹ, sau đó để nguội. Thêm vải tươi đã bóc vỏ vào nước đường, ngâm khoảng 30 phút để vải thấm vị ngọt. Khi thạch khúc bạch đã đông, lấy ra khỏi tủ lạnh, cắt thành miếng vuông hoặc chữ nhật vừa ăn (khoảng 2x2cm).\n\nĐể trình bày, cho thạch khúc bạch vào bát, thêm vài quả vải tươi, chan nước đường lá dứa lên trên, rắc hạnh nhân lát rang vàng để tăng độ giòn và thơm. Nếu thích lạnh hơn, bạn có thể thêm vài viên đá nhỏ vào bát chè. Chè khúc bạch thành phẩm có màu trắng ngần của thạch, xanh nhạt của nước đường, điểm xuyết màu vàng của hạnh nhân, vừa đẹp mắt vừa ngon miệng.\n\n**Mẹo nhỏ** để chè khúc bạch thanh mát: Dùng kem sữa tươi (whipping cream) để thạch béo và mềm; không đun sữa quá nóng để tránh làm mất chất kem. Nếu thích biến tấu, bạn có thể thêm nước cốt dừa vào thạch hoặc dùng long nhãn thay vải để đổi vị. Hạnh nhân rang vừa tới để giữ độ giòn và không bị cháy.\n\nVới công thức này, bạn sẽ có những bát chè khúc bạch mềm mịn, thanh mát để giải nhiệt ngày hè. Hãy thử làm và thưởng thức cùng gia đình hoặc bạn bè nhé!'),(14,14,'Gỏi Cuốn Tươi Ngon Lành Mạnh','2025-03-12 20:35:00','Gỏi cuốn là món ăn nhẹ nhàng, tươi ngon và lành mạnh, rất được yêu thích trong ẩm thực Việt Nam nhờ sự kết hợp hài hòa giữa rau sống, tôm, thịt và bánh tráng mềm. Đây là món ăn lý tưởng cho bữa ăn nhẹ, khai vị trong các bữa tiệc, hoặc thậm chí là bữa chính cho những ai muốn giữ dáng mà vẫn đảm bảo đủ dinh dưỡng. Với cách làm đơn giản và nguyên liệu dễ tìm, bạn hoàn toàn có thể tự tay làm gỏi cuốn tại nhà để chiêu đãi gia đình. Hãy làm theo hướng dẫn chi tiết dưới đây để có những cuốn gỏi tươi ngon, hấp dẫn.\n\n**Nguyên liệu** cần chuẩn bị khá phong phú để tạo nên hương vị đặc trưng của gỏi cuốn. Bạn cần 10-12 lá bánh tráng (loại mỏng, dai), 200g tôm sú tươi (chọn tôm vừa, khoảng 20-25 con/kg), 200g thịt ba chỉ, 200g bún tươi, rau sống gồm xà lách, húng quế, rau mùi, giá đỗ (mỗi loại khoảng 50-100g), và 50g đậu phộng rang giã nhỏ để làm nước chấm. Nước chấm làm từ nước mắm, đường, chanh, tỏi, ớt – những gia vị không thể thiếu để tạo nên vị chua ngọt đậm đà.\n\n**Các bước thực hiện** bắt đầu bằng việc chuẩn bị nguyên liệu. Tôm sú rửa sạch, luộc trong nước sôi có chút muối khoảng 3-5 phút đến khi tôm chuyển màu đỏ, sau đó bóc vỏ, rút chỉ đen, để nguội. Thịt ba chỉ rửa sạch, luộc chín với chút muối, vớt ra ngâm nước lạnh 5 phút để thịt trắng đẹp, sau đó thái lát mỏng. Rau sống nhặt sạch, rửa kỹ, để ráo nước. Bún tươi trụng qua nước sôi 30 giây, để ráo.\n\nĐể cuốn gỏi, chuẩn bị một tô nước ấm (khoảng 40-50°C). Nhúng từng lá bánh tráng vào nước khoảng 5-10 giây cho mềm (không nhúng quá lâu để tránh bánh rách), sau đó đặt lên đĩa phẳng. Xếp một ít rau xà lách lên gần mép bánh, thêm húng quế, rau mùi, giá đỗ, một ít bún tươi, vài lát thịt heo, và 2-3 con tôm lên trên. Gấp mép dưới của bánh tráng lên, sau đó gấp hai bên vào, cuốn chặt tay về phía trước để tạo thành cuộn tròn đẹp mắt. Lặp lại thao tác này đến khi hết nguyên liệu.\n\nPha nước chấm bằng cách trộn nước mắm, đường, nước lọc, nước cốt chanh theo tỷ lệ 1:1:2:1 (ví dụ: 20ml mắm, 20g đường, 40ml nước, 20ml chanh), thêm tỏi băm, ớt băm cho thơm cay. Cho nước chấm vào bát nhỏ, rắc đậu phộng rang giã nhỏ lên trên để tăng độ béo và giòn. Trình bày gỏi cuốn lên đĩa, để nước chấm bên cạnh, ăn ngay để giữ độ tươi ngon.\n\n**Mẹo nhỏ** để gỏi cuốn đẹp và ngon: Chọn bánh tráng dai, không quá mỏng để dễ cuốn; xếp tôm lên trên cùng để khi cuốn xong, tôm lộ ra ngoài cho đẹp mắt. Rau sống nên để ráo nước hoàn toàn để tránh làm ướt bánh tráng. Nếu thích biến tấu, bạn có thể thêm dưa leo thái sợi hoặc xoài xanh bào mỏng để tăng độ giòn và chua nhẹ.\n\nVới công thức này, bạn sẽ có những cuốn gỏi tươi ngon, lành mạnh để thưởng thức cùng gia đình hoặc bạn bè. Đây là món ăn vừa dễ làm, vừa bổ dưỡng, rất đáng để thử ngay tại nhà!'),(15,15,'Cách Làm Xôi Xéo Dẻo Thơm','2025-03-12 20:40:00','Xôi xéo là món ăn sáng truyền thống của người Việt, đặc biệt phổ biến ở miền Bắc, với lớp xôi nếp dẻo thơm, topping đậu xanh bùi bùi và mỡ hành béo ngậy rưới lên trên. Đây là món ăn đơn giản nhưng đậm đà hương vị quê nhà, thường xuất hiện trong những gánh hàng rong buổi sớm hoặc các bữa ăn gia đình. Nếu bạn muốn tự tay làm xôi xéo tại nhà để thưởng thức hương vị truyền thống, hãy làm theo hướng dẫn chi tiết dưới đây để có món xôi dẻo thơm, chuẩn vị.\n\n**Nguyên liệu** cần chuẩn bị không quá phức tạp, nhưng cần chọn loại chất lượng để xôi ngon hơn. Bạn cần 500g gạo nếp (chọn nếp cái hoa vàng hoặc nếp nhung để hạt dẻo, thơm), 200g đậu xanh (loại không vỏ, hạt vàng đều), 50g đường trắng, 1 muỗng cà phê muối, 2 muỗng canh dầu ăn, và 50g hành lá (thái nhỏ để làm mỡ hành). Dụng cụ gồm xửng hấp hoặc nồi đồ xôi, chày giã, và bát để trộn.\n\n**Các bước thực hiện** bắt đầu bằng việc chuẩn bị gạo và đậu. Gạo nếp vo sạch, ngâm trong nước lạnh 6-8 giờ (hoặc qua đêm) để hạt nở mềm, sau đó để ráo nước, trộn với 1/2 muỗng cà phê muối. Đậu xanh ngâm 2-4 giờ, đãi sạch vỏ (nếu còn), đồ chín trong xửng hấp khoảng 20 phút, sau đó giã nhuyễn khi còn nóng. Trộn đậu xanh với 50g đường, 1/2 muỗng cà phê muối, nặn thành khối tròn để dễ sử dụng.\n\nĐồ xôi bằng cách cho gạo nếp vào xửng hấp, đậy kín nắp, hấp với lửa vừa trong 20-30 phút đến khi gạo chín mềm, dẻo đều (có thể rưới chút nước nếu gạo khô). Trong lúc chờ xôi chín, làm mỡ hành: đun nóng 2 muỗng canh dầu ăn, cho hành lá thái nhỏ vào phi thơm, đảo đều đến khi hành chuyển màu xanh đậm và dậy mùi thì tắt bếp. Khi xôi chín, xới ra đĩa, dàn đều, rắc lớp đậu xanh giã nhuyễn lên trên (có thể dùng muỗng tán mỏng hoặc để nguyên khối tùy thích), sau đó rưới mỡ hành nóng lên khắp mặt xôi, thêm chút muối hạt để cân bằng vị.\n\n**Mẹo nhỏ** để xôi xéo dẻo thơm: Ngâm gạo đủ thời gian để hạt mềm, hấp với lượng nước vừa đủ để xôi không bị nhão. Đậu xanh giã khi còn nóng để dễ mịn; nếu thích béo hơn, trộn đậu với chút dầu ăn. Mỡ hành nên dùng ngay khi còn nóng để thấm đều vào xôi, tăng độ bóng và thơm.\n\nVới công thức này, bạn sẽ có món xôi xéo dẻo thơm, bùi béo để làm bữa sáng hoặc ăn vặt cho gia đình. Hãy thử làm và cảm nhận hương vị truyền thống giản dị nhưng đầy ấm áp này nhé!');
/*!40000 ALTER TABLE `blogdetail` ENABLE KEYS */;
UNLOCK TABLES;

--
-- Table structure for table `bloglist`
--

DROP TABLE IF EXISTS `bloglist`;
/*!40101 SET @saved_cs_client     = @@character_set_client */;
/*!50503 SET character_set_client = utf8mb4 */;
CREATE TABLE `bloglist` (
  `IdBlog` int NOT NULL AUTO_INCREMENT,
  `NameBlog` varchar(255) NOT NULL,
  `DescriptionBlog` text NOT NULL,
  `CustomerID` int DEFAULT NULL,
  `ImageURL` varchar(255) DEFAULT NULL,
  `CreatedDate` timestamp NULL DEFAULT CURRENT_TIMESTAMP,
  `CustomerName` varchar(255) DEFAULT NULL,
  PRIMARY KEY (`IdBlog`),
  KEY `CustomerID` (`CustomerID`),
  CONSTRAINT `bloglist_ibfk_1` FOREIGN KEY (`CustomerID`) REFERENCES `customers` (`CustomerID`)
) ENGINE=InnoDB AUTO_INCREMENT=45 DEFAULT CHARSET=utf8mb4 COLLATE=utf8mb4_0900_ai_ci;
/*!40101 SET character_set_client = @saved_cs_client */;

--
-- Dumping data for table `bloglist`
--

LOCK TABLES `bloglist` WRITE;
/*!40000 ALTER TABLE `bloglist` DISABLE KEYS */;
INSERT INTO `bloglist` VALUES (1,'Top 10 Món Ăn Đường Phố Việt Nam','Danh sách những món ăn đường phố nổi tiếng và hấp dẫn tại Việt Nam.',1,'assets/img/product/mon_an_duong_pho.jpg','2025-03-12 19:27:07','Nguyễn Văn An'),(2,'Cách Pha Chế Trà Sữa Tại Nhà','Hướng dẫn chi tiết cách pha chế trà sữa đơn giản mà ngon như ngoài tiệm.',2,'assets/img/product/cach-pha-tra-sua.jpg','2025-03-12 19:27:07','Trần Thị Bích'),(3,'Bí Quyết Làm Bánh Mì Bơ Tỏi','Chia sẻ cách làm bánh mì bơ tỏi giòn ngon, thơm phức tại nhà.',3,'assets/img/product/canhlambanhmibo.png','2025-03-12 19:27:07','Lê Hữu Minh'),(4,'Những Món Hải Sản Nổi Tiếng Miền Trung','Khám phá các món hải sản đặc trưng của miền Trung Việt Nam.',4,'assets/img/product/dacsanvungmien.png','2025-03-12 19:27:07','Phạm Thị Lan'),(5,'Cà Phê Pha Phin - Văn Hóa Cà Phê Việt','Tìm hiểu về cách pha cà phê phin và văn hóa thưởng thức cà phê tại Việt Nam.',5,'assets/img/product/caphe_1.jpg','2025-03-12 19:27:07','Ngô Minh Hải'),(6,'Cách Làm Phở Bò Tại Nhà','Hướng dẫn nấu phở bò thơm ngon, chuẩn vị như ngoài hàng.',6,'assets/img/product/2-cach-nau-pho-bo-bang-goi-gia-vi.png','2025-03-12 19:27:07','Hoàng Thị Như Ý'),(7,'Bánh Chưng - Hương Vị Ngày Tết','Câu chuyện về bánh chưng và cách gói bánh đúng chuẩn.',7,'assets/img/product/banhtrung.jpg','2025-03-12 19:27:07','Vũ Minh Tuấn'),(8,'Món Ngon Từ Dừa','Khám phá các món ăn ngon làm từ dừa, đặc sản miền Tây.',8,'assets/img/product/dac-san-mien-tay-1.jpg','2025-03-12 19:27:07','Đặng Thanh Hương'),(9,'Cách Làm Bánh Flan Mịn Màng','Công thức làm bánh flan béo mịn, thơm ngon tại nhà.',9,'assets/img/product/cachlambanhflan.jpg','2025-03-12 19:27:07','Trần Văn Long'),(10,'Lẩu Thái Chua Cay','Cách nấu lẩu Thái chua cay ngon đúng vị.',10,'assets/img/product/lauthai.jpg','2025-03-12 19:27:07','Lê Văn Hùng'),(11,'Hướng Dẫn Làm Bánh Cuốn','Công thức làm bánh cuốn nóng hổi, thơm ngon.',11,'assets/img/product/cachlambanhcuon.png','2025-03-12 19:27:07','Nguyễn Thị Hằng'),(12,'Bún Bò Huế - Đặc Sản Miền Trung','Tìm hiểu về bún bò Huế và cách nấu ngon đúng điệu.',12,'assets/img/product/cachnaubunbohue.jpg','2025-03-12 19:27:07','Phạm Minh Đức'),(13,'Cách Làm Chè Khúc Bạch','Hướng dẫn cách làm chè khúc bạch thanh mát, hấp dẫn.',13,'assets/img/product/huongdannauchekhucbach.jpg','2025-03-12 19:27:07','Trần Thị Mai'),(14,'Gỏi Cuốn - Món Ăn Lành Mạnh','Cách làm gỏi cuốn tươi ngon, phù hợp với chế độ ăn healthy.',14,'assets/img/product/goi-cuon-thumb.jpg','2025-03-12 19:27:07','Lý Quốc Bảo'),(15,'Hướng Dẫn Làm Xôi Xéo','Công thức làm xôi xéo vàng ươm, dẻo thơm.',15,'assets/img/product/cachnauxoixeo.jpg','2025-03-12 19:27:07','Đinh Thị Huyền');
/*!40000 ALTER TABLE `bloglist` ENABLE KEYS */;
UNLOCK TABLES;

--
-- Table structure for table `carts`
--

DROP TABLE IF EXISTS `carts`;
/*!40101 SET @saved_cs_client     = @@character_set_client */;
/*!50503 SET character_set_client = utf8mb4 */;
CREATE TABLE `carts` (
  `CartID` int NOT NULL AUTO_INCREMENT,
  `CustomerID` int NOT NULL,
  `CreatedAt` datetime DEFAULT CURRENT_TIMESTAMP ON UPDATE CURRENT_TIMESTAMP,
  `ProductID` int NOT NULL,
  `Quantity` int NOT NULL,
  PRIMARY KEY (`CartID`),
  KEY `CustomerID` (`CustomerID`),
  KEY `ProductID` (`ProductID`),
  CONSTRAINT `carts_ibfk_1` FOREIGN KEY (`CustomerID`) REFERENCES `customers` (`CustomerID`) ON DELETE CASCADE ON UPDATE CASCADE,
  CONSTRAINT `carts_ibfk_2` FOREIGN KEY (`ProductID`) REFERENCES `products` (`ProductID`) ON DELETE CASCADE ON UPDATE CASCADE
) ENGINE=InnoDB AUTO_INCREMENT=42 DEFAULT CHARSET=utf8mb4 COLLATE=utf8mb4_0900_ai_ci;
/*!40101 SET character_set_client = @saved_cs_client */;

--
-- Dumping data for table `carts`
--

LOCK TABLES `carts` WRITE;
/*!40000 ALTER TABLE `carts` DISABLE KEYS */;
INSERT INTO `carts` VALUES (2,2,'2025-04-01 10:05:00',7,1),(3,3,'2025-04-01 10:10:00',15,3),(4,4,'2025-04-01 10:15:00',12,4),(5,5,'2025-04-01 10:20:00',9,2),(6,6,'2025-04-01 10:25:00',20,5),(7,7,'2025-04-01 10:30:00',2,3),(8,8,'2025-04-01 10:35:00',6,1),(9,9,'2025-04-01 10:40:00',17,2),(10,10,'2025-04-01 10:45:00',11,4),(11,11,'2025-04-01 10:50:00',5,3),(12,12,'2025-04-01 10:55:00',22,1),(13,13,'2025-04-01 11:00:00',10,5),(14,14,'2025-04-01 11:05:00',24,2),(15,15,'2025-04-01 11:10:00',13,3),(16,16,'2025-04-01 11:15:00',27,1),(17,17,'2025-04-01 11:20:00',18,4),(18,18,'2025-04-01 11:25:00',8,3),(19,19,'2025-04-01 11:30:00',26,2),(20,20,'2025-04-01 11:35:00',14,5);
/*!40000 ALTER TABLE `carts` ENABLE KEYS */;
UNLOCK TABLES;

--
-- Table structure for table `categories`
--

DROP TABLE IF EXISTS `categories`;
/*!40101 SET @saved_cs_client     = @@character_set_client */;
/*!50503 SET character_set_client = utf8mb4 */;
CREATE TABLE `categories` (
  `CategoryID` int NOT NULL AUTO_INCREMENT,
  `Name` varchar(255) DEFAULT NULL,
  `Description` mediumtext,
  PRIMARY KEY (`CategoryID`),
  UNIQUE KEY `CategoryID` (`CategoryID`)
) ENGINE=InnoDB AUTO_INCREMENT=16 DEFAULT CHARSET=utf8mb4 COLLATE=utf8mb4_0900_ai_ci;
/*!40101 SET character_set_client = @saved_cs_client */;

--
-- Dumping data for table `categories`
--

LOCK TABLES `categories` WRITE;
/*!40000 ALTER TABLE `categories` DISABLE KEYS */;
INSERT INTO `categories` VALUES (1,'Đồ uống','Các loại đồ uống như cà phê, trà, sinh tố, nước ép.'),(2,'Món ăn nhanh','Các món ăn nhanh như pizza, burger, khoai tây chiên, sandwich.'),(3,'Món chính','Các món ăn chính như cơm, phở, bún, mì, và các món đặc sản.'),(4,'Tráng miệng','Các món tráng miệng như bánh, kem, chè, sữa chua.'),(5,'Hải sản','Các món ăn từ hải sản như cua, tôm, mực, hàu nướng.'),(6,'Món nướng','Các món nướng như gà nướng, ba chỉ nướng, xiên que, cá nướng.'),(7,'Món lẩu','Các loại lẩu như lẩu Thái, lẩu hải sản, lẩu nấm chay.'),(8,'Món chay','Các món ăn chay như bún riêu chay, lẩu nấm chay, cơm chay.'),(9,'Bánh ngọt','Các loại bánh như bánh flan, bánh bông lan, bánh tart.'),(10,'Bánh mặn','Các loại bánh mặn như bánh mì kẹp, bánh xèo, bánh tráng trộn.'),(11,'Đồ ăn vặt','Các món ăn vặt như cá viên chiên, snack rong biển, khô gà.'),(12,'Món truyền thống','Các món đặc sản Việt Nam như bún bò Huế, bánh cuốn, xôi xéo.'),(13,'Súp & Cháo','Các món súp, cháo dinh dưỡng như cháo sườn, súp cua.'),(14,'Mì & Nui','Các món mì xào, mì cay, nui xào bò.'),(15,'Thức uống dinh dưỡng','Các loại sữa chua, nước detox, nước ép thiên nhiên.');
/*!40000 ALTER TABLE `categories` ENABLE KEYS */;
UNLOCK TABLES;

--
-- Table structure for table `contacts`
--

DROP TABLE IF EXISTS `contacts`;
/*!40101 SET @saved_cs_client     = @@character_set_client */;
/*!50503 SET character_set_client = utf8mb4 */;
CREATE TABLE `contacts` (
  `id` int NOT NULL AUTO_INCREMENT,
  `fullName` varchar(255) NOT NULL,
  `email` varchar(255) NOT NULL,
  `phone` varchar(20) DEFAULT NULL,
  `message` text,
  `createdDate` datetime DEFAULT CURRENT_TIMESTAMP,
  `status` varchar(50) DEFAULT 'pending',
  `customerId` int DEFAULT NULL,
  PRIMARY KEY (`id`),
  KEY `customerId` (`customerId`),
  CONSTRAINT `contacts_ibfk_1` FOREIGN KEY (`customerId`) REFERENCES `customers` (`CustomerID`) ON DELETE SET NULL
) ENGINE=InnoDB AUTO_INCREMENT=5 DEFAULT CHARSET=utf8mb4 COLLATE=utf8mb4_0900_ai_ci;
/*!40101 SET character_set_client = @saved_cs_client */;

--
-- Dumping data for table `contacts`
--

LOCK TABLES `contacts` WRITE;
/*!40000 ALTER TABLE `contacts` DISABLE KEYS */;
INSERT INTO `contacts` VALUES (1,'bùi văn nguyện','buivannguyen1312@gmail.com','0916373143','tôi không có thông báo gì ','2025-03-18 21:46:29','pending',NULL),(2,'bùi văn nguyện','buivannguyen1312@gmail.com','0916373143','tôi không có thông báo gì ','2025-03-18 21:51:21','pending',NULL),(3,'bùi văn nguyện','buivannguyen1312@gmail.com','0916373143','tôi không có thông báo gì ','2025-03-18 21:55:29','pending',NULL),(4,'bui van nguyện','buivannguyen1312@gmail.com','0916373143','tôi cần hỗ trợ mua hàng ','2025-03-19 21:43:02','pending',NULL);
/*!40000 ALTER TABLE `contacts` ENABLE KEYS */;
UNLOCK TABLES;

--
-- Table structure for table `customers`
--

DROP TABLE IF EXISTS `customers`;
/*!40101 SET @saved_cs_client     = @@character_set_client */;
/*!50503 SET character_set_client = utf8mb4 */;
CREATE TABLE `customers` (
  `CustomerID` int NOT NULL AUTO_INCREMENT,
  `FullName` mediumtext,
  `Email` varchar(255) DEFAULT NULL,
  `Password` varchar(255) DEFAULT NULL,
  `PhoneNumber` varchar(255) DEFAULT NULL,
  `Address` varchar(255) DEFAULT NULL,
  `BirthDate` date DEFAULT NULL,
  `Gender` enum('Male','Female') DEFAULT NULL,
  `CreatedAt` datetime DEFAULT CURRENT_TIMESTAMP,
  `UpdatedAt` datetime DEFAULT CURRENT_TIMESTAMP ON UPDATE CURRENT_TIMESTAMP,
  `ProfileImage` varchar(255) DEFAULT NULL,
  `IsVerify` tinyint DEFAULT '0',
  PRIMARY KEY (`CustomerID`),
  UNIQUE KEY `CustomerID` (`CustomerID`),
  UNIQUE KEY `Email` (`Email`)
) ENGINE=InnoDB AUTO_INCREMENT=22 DEFAULT CHARSET=utf8mb4 COLLATE=utf8mb4_0900_ai_ci;
/*!40101 SET character_set_client = @saved_cs_client */;

--
-- Dumping data for table `customers`
--

LOCK TABLES `customers` WRITE;
/*!40000 ALTER TABLE `customers` DISABLE KEYS */;
INSERT INTO `customers` VALUES (1,'Nguyễn Văn An','nguyenvanan@example.com','acb5247f837fa3b652f43ddae7b521423b07e22afa3b8eab956eaa225f76b2738abe302744d53471e190fce3f43d96ae1aee9b747987a6a36b8aa7ce2a49bcd3','0987654321','123 Đường Chính, TP. Hồ Chí Minh','1990-01-01','Male','2025-02-18 23:22:03','2025-03-21 00:18:10','assets/img/profile/product-12.jpg',1),(2,'Trần Thị Bích','tranthibich@example.com','acb5247f837fa3b652f43ddae7b521423b07e22afa3b8eab956eaa225f76b2738abe302744d53471e190fce3f43d96ae1aee9b747987a6a36b8aa7ce2a49bcd3','0987654322','456 Đường Lê Lợi, TP. Hà Nội','1992-05-15','Female','2025-02-18 23:22:03','2025-02-21 00:17:57','assets/img/profile/product-11.jpg',1),(3,'Lê Hữu Minh','lehuuminh@example.com','acb5247f837fa3b652f43ddae7b521423b07e22afa3b8eab956eaa225f76b2738abe302744d53471e190fce3f43d96ae1aee9b747987a6a36b8aa7ce2a49bcd3','0988765432','789 Đường Nguyễn Huệ, TP. Đà Nẵng','1985-02-20','Male','2025-02-18 23:22:03','2025-02-21 00:17:57','assets/img/profile/product-5.jpg',1),(4,'Phạm Thị Lan','phamthilan@example.com','acb5247f837fa3b652f43ddae7b521423b07e22afa3b8eab956eaa225f76b2738abe302744d53471e190fce3f43d96ae1aee9b747987a6a36b8aa7ce2a49bcd3','0977334455','101 Đường Trần Phú, TP. Hải Phòng','1993-07-30','Female','2025-02-18 23:22:03','2025-02-21 00:17:57','assets/img/profile/product-details-4.jpg',1),(5,'Ngô Minh Hải','ngominhhai@example.com','acb5247f837fa3b652f43ddae7b521423b07e22afa3b8eab956eaa225f76b2738abe302744d53471e190fce3f43d96ae1aee9b747987a6a36b8aa7ce2a49bcd3','0944223344','102 Đường Võ Văn Kiệt, TP. Cần Thơ','1987-11-11','Male','2025-02-18 23:22:03','2025-02-21 00:17:57','assets/img/profile/thumb-1.jpg',1),(6,'Hoàng Thị Như Ý','hoangthinhuy@example.com','acb5247f837fa3b652f43ddae7b521423b07e22afa3b8eab956eaa225f76b2738abe302744d53471e190fce3f43d96ae1aee9b747987a6a36b8aa7ce2a49bcd3','0933445566','103 Đường Nguyễn Thị Minh Khai, TP. Nha Trang','1995-09-25','Female','2025-02-18 23:22:03','2025-02-21 00:17:57','assets/img/profile/product-6.jpg',1),(7,'Vũ Minh Tuấn','vuminhtuan@example.com','acb5247f837fa3b652f43ddae7b521423b07e22afa3b8eab956eaa225f76b2738abe302744d53471e190fce3f43d96ae1aee9b747987a6a36b8aa7ce2a49bcd3','0922556677','104 Đường Cách Mạng Tháng 8, TP. Huế','1988-08-09','Male','2025-02-18 23:22:03','2025-02-21 00:17:57','assets/img/profile/product-10.jpg',1),(8,'Đặng Thanh Hương','dangthanhhuong@example.com','acb5247f837fa3b652f43ddae7b521423b07e22afa3b8eab956eaa225f76b2738abe302744d53471e190fce3f43d96ae1aee9b747987a6a36b8aa7ce2a49bcd3','0911667788','105 Đường Điện Biên Phủ, TP. Đà Lạt','1996-12-17','Female','2025-02-18 23:22:03','2025-02-21 00:17:57','assets/img/profile/thumb-3.jpg',1),(9,'Trần Văn Long','tranvanlong@example.com','acb5247f837fa3b652f43ddae7b521423b07e22afa3b8eab956eaa225f76b2738abe302744d53471e190fce3f43d96ae1aee9b747987a6a36b8aa7ce2a49bcd3','0908778899','106 Đường Lý Tự Trọng, TP. Quảng Ngãi','1994-04-23','Male','2025-02-18 23:22:03','2025-02-21 00:17:57','assets/img/profile/product-details-1.jpg',1),(10,'Lê Văn Hùng','levanhung@example.com','acb5247f837fa3b652f43ddae7b521423b07e22afa3b8eab956eaa225f76b2738abe302744d53471e190fce3f43d96ae1aee9b747987a6a36b8aa7ce2a49bcd3','0978111222','108 Đường Lê Lai, TP. Hà Nội','1985-06-20','Male','2025-02-21 02:20:42','2025-02-21 23:50:45','assets/img/profile/user1.jpg',1),(11,'Nguyễn Thị Hằng','nguyenthihang@example.com','acb5247f837fa3b652f43ddae7b521423b07e22afa3b8eab956eaa225f76b2738abe302744d53471e190fce3f43d96ae1aee9b747987a6a36b8aa7ce2a49bcd3','0978222333','109 Đường Võ Văn Kiệt, TP. Hồ Chí Minh','1993-03-15','Female','2025-02-21 02:20:42','2025-02-21 23:50:45','assets/img/profile/user2.jpg',1),(12,'Phạm Minh Đức','phamminhduc@example.com','acb5247f837fa3b652f43ddae7b521423b07e22afa3b8eab956eaa225f76b2738abe302744d53471e190fce3f43d96ae1aee9b747987a6a36b8aa7ce2a49bcd3','0978333444','110 Đường Trần Hưng Đạo, TP. Đà Nẵng','1991-09-12','Male','2025-02-21 02:20:42','2025-02-21 23:50:45','assets/img/profile/user3.jpg',1),(13,'Trần Thị Mai','tranthimai@example.com','acb5247f837fa3b652f43ddae7b521423b07e22afa3b8eab956eaa225f76b2738abe302744d53471e190fce3f43d96ae1aee9b747987a6a36b8aa7ce2a49bcd3','0978444555','111 Đường Hoàng Văn Thụ, TP. Hải Phòng','1998-05-30','Female','2025-02-21 02:20:42','2025-02-21 23:50:45','assets/img/profile/user4.jpg',1),(14,'Lý Quốc Bảo','lyquocbao@example.com','acb5247f837fa3b652f43ddae7b521423b07e22afa3b8eab956eaa225f76b2738abe302744d53471e190fce3f43d96ae1aee9b747987a6a36b8aa7ce2a49bcd3','0978555666','112 Đường Phan Đình Phùng, TP. Huế','1996-01-18','Male','2025-02-21 02:20:42','2025-02-21 23:50:45','assets/img/profile/user5.jpg',1),(15,'Đinh Thị Huyền','dinhthihuyen@example.com','acb5247f837fa3b652f43ddae7b521423b07e22afa3b8eab956eaa225f76b2738abe302744d53471e190fce3f43d96ae1aee9b747987a6a36b8aa7ce2a49bcd3','0978666777','113 Đường Nguyễn Văn Cừ, TP. Cần Thơ','1994-07-22','Female','2025-02-21 02:20:42','2025-02-21 23:50:45','assets/img/profile/user6.jpg',1),(16,'Võ Hoàng Nam','vohoangnam@example.com','acb5247f837fa3b652f43ddae7b521423b07e22afa3b8eab956eaa225f76b2738abe302744d53471e190fce3f43d96ae1aee9b747987a6a36b8aa7ce2a49bcd3','0978777888','114 Đường Cách Mạng Tháng 8, TP. Vinh','1989-02-28','Male','2025-02-21 02:20:42','2025-02-21 23:50:45','assets/img/profile/user7.jpg',1),(17,'Lâm Thanh Phương','lamthanhphuong@example.com','acb5247f837fa3b652f43ddae7b521423b07e22afa3b8eab956eaa225f76b2738abe302744d53471e190fce3f43d96ae1aee9b747987a6a36b8aa7ce2a49bcd3','0978888999','115 Đường Nguyễn Thị Minh Khai, TP. Đà Lạt','1997-11-09','Female','2025-02-21 02:20:42','2025-02-21 23:50:45','assets/img/profile/user8.jpg',1),(18,'Bùi Văn Dũng','buivandung@example.com','acb5247f837fa3b652f43ddae7b521423b07e22afa3b8eab956eaa225f76b2738abe302744d53471e190fce3f43d96ae1aee9b747987a6a36b8aa7ce2a49bcd3','0978999000','116 Đường Lý Tự Trọng, TP. Quảng Ngãi','1986-08-10','Male','2025-02-21 02:20:42','2025-02-21 23:50:45','assets/img/profile/user9.jpg',1),(19,'Hoàng Minh Tuấn','hoangminhtuan@example.com','acb5247f837fa3b652f43ddae7b521423b07e22afa3b8eab956eaa225f76b2738abe302744d53471e190fce3f43d96ae1aee9b747987a6a36b8aa7ce2a49bcd3','0987111222','117 Đường Trường Chinh, TP. Hà Nội','1990-12-05','Male','2025-02-21 02:20:42','2025-02-21 23:50:45','assets/img/profile/user11.jpg',1),(20,'Trần Phương Linh','tranphuonglinh@example.com','acb5247f837fa3b652f43ddae7b521423b07e22afa3b8eab956eaa225f76b2738abe302744d53471e190fce3f43d96ae1aee9b747987a6a36b8aa7ce2a49bcd3','0987222333','118 Đường Nguyễn Huệ, TP. Hồ Chí Minh','1995-07-19','Female','2025-02-21 02:20:42','2025-02-21 23:50:45','assets/img/profile/user12.jpg',1);
/*!40000 ALTER TABLE `customers` ENABLE KEYS */;
UNLOCK TABLES;

--
-- Table structure for table `favorites`
--

DROP TABLE IF EXISTS `favorites`;
/*!40101 SET @saved_cs_client     = @@character_set_client */;
/*!50503 SET character_set_client = utf8mb4 */;
CREATE TABLE `favorites` (
  `FavoriteID` int NOT NULL AUTO_INCREMENT,
  `CustomerID` int DEFAULT NULL,
  `Name` varchar(255) DEFAULT NULL,
  `CreatedAt` datetime DEFAULT CURRENT_TIMESTAMP,
  `UpdatedAt` datetime DEFAULT CURRENT_TIMESTAMP ON UPDATE CURRENT_TIMESTAMP,
  PRIMARY KEY (`FavoriteID`),
  UNIQUE KEY `FavoriteID` (`FavoriteID`),
  KEY `CustomerID` (`CustomerID`),
  CONSTRAINT `favorites_ibfk_1` FOREIGN KEY (`CustomerID`) REFERENCES `customers` (`CustomerID`) ON DELETE CASCADE ON UPDATE CASCADE
) ENGINE=InnoDB AUTO_INCREMENT=21 DEFAULT CHARSET=utf8mb4 COLLATE=utf8mb4_0900_ai_ci;
/*!40101 SET character_set_client = @saved_cs_client */;

--
-- Dumping data for table `favorites`
--

LOCK TABLES `favorites` WRITE;
/*!40000 ALTER TABLE `favorites` DISABLE KEYS */;
INSERT INTO `favorites` VALUES (1,1,'Yêu thích cà phê','2025-04-01 08:00:00','2025-04-01 08:00:00'),(2,2,'Yêu thích trà sữa','2025-04-01 08:10:00','2025-04-01 08:10:00'),(3,3,'Món nướng yêu thích','2025-04-01 08:20:00','2025-04-01 08:20:00'),(4,4,'Hải sản ngon nhất','2025-04-01 08:30:00','2025-04-01 08:30:00'),(5,5,'Bánh ngọt tuyệt vời','2025-04-01 08:40:00','2025-04-01 08:40:00'),(6,6,'Món chay tốt cho sức khỏe','2025-04-01 08:50:00','2025-04-01 08:50:00'),(7,7,'Đồ ăn nhanh khoái khẩu','2025-04-01 09:00:00','2025-04-01 09:00:00'),(8,8,'Tráng miệng yêu thích','2025-04-01 09:10:00','2025-04-01 09:10:00'),(9,9,'Bún bò ngon nhất','2025-04-01 09:20:00','2025-04-01 09:20:00'),(10,10,'Pizza hải sản đặc biệt','2025-04-01 09:30:00','2025-04-01 09:30:00'),(11,11,'Cơm gà số 1','2025-04-01 09:40:00','2025-04-01 09:40:00'),(12,12,'Mì xào bò đậm đà','2025-04-01 09:50:00','2025-04-01 09:50:00'),(13,13,'Chè bưởi ngon','2025-04-01 10:00:00','2025-04-01 10:00:00'),(14,14,'Lẩu Thái cay ngon','2025-04-01 10:10:00','2025-04-01 10:10:00'),(15,15,'Món nướng đậm vị','2025-04-01 10:20:00','2025-04-01 10:20:00'),(16,16,'Đồ ăn vặt khoái khẩu','2025-04-01 10:30:00','2025-04-01 10:30:00'),(17,17,'Món ngon mỗi ngày','2025-04-01 10:40:00','2025-04-01 10:40:00'),(18,18,'Món chay yêu thích','2025-04-01 10:50:00','2025-04-01 10:50:00'),(19,19,'Tráng miệng mát lạnh','2025-04-01 11:00:00','2025-04-01 11:00:00'),(20,20,'Nước ép tốt cho sức khỏe','2025-04-01 11:10:00','2025-04-01 11:10:00');
/*!40000 ALTER TABLE `favorites` ENABLE KEYS */;
UNLOCK TABLES;

--
-- Table structure for table `favoritesdetails`
--

DROP TABLE IF EXISTS `favoritesdetails`;
/*!40101 SET @saved_cs_client     = @@character_set_client */;
/*!50503 SET character_set_client = utf8mb4 */;
CREATE TABLE `favoritesdetails` (
  `FavoriteID` int NOT NULL,
  `ProductID` int NOT NULL,
  `CreatedAt` datetime DEFAULT CURRENT_TIMESTAMP,
  `UpdatedAt` datetime DEFAULT CURRENT_TIMESTAMP ON UPDATE CURRENT_TIMESTAMP,
  PRIMARY KEY (`FavoriteID`,`ProductID`),
  KEY `ProductID` (`ProductID`),
  CONSTRAINT `favoritesdetails_ibfk_1` FOREIGN KEY (`FavoriteID`) REFERENCES `favorites` (`FavoriteID`) ON DELETE CASCADE ON UPDATE CASCADE,
  CONSTRAINT `favoritesdetails_ibfk_2` FOREIGN KEY (`ProductID`) REFERENCES `products` (`ProductID`) ON DELETE CASCADE ON UPDATE CASCADE
) ENGINE=InnoDB DEFAULT CHARSET=utf8mb4 COLLATE=utf8mb4_0900_ai_ci;
/*!40101 SET character_set_client = @saved_cs_client */;

--
-- Dumping data for table `favoritesdetails`
--

LOCK TABLES `favoritesdetails` WRITE;
/*!40000 ALTER TABLE `favoritesdetails` DISABLE KEYS */;
INSERT INTO `favoritesdetails` VALUES (1,1,'2025-04-01 08:00:00','2025-04-01 08:00:00'),(1,21,'2025-04-01 11:20:00','2025-04-01 11:20:00'),(2,2,'2025-04-01 08:10:00','2025-04-01 08:10:00'),(2,22,'2025-04-01 11:30:00','2025-04-01 11:30:00'),(3,3,'2025-04-01 08:20:00','2025-04-01 08:20:00'),(3,23,'2025-04-01 11:40:00','2025-04-01 11:40:00'),(4,4,'2025-04-01 08:30:00','2025-04-01 08:30:00'),(4,24,'2025-04-01 11:50:00','2025-04-01 11:50:00'),(5,5,'2025-04-01 08:40:00','2025-04-01 08:40:00'),(5,25,'2025-04-01 12:00:00','2025-04-01 12:00:00'),(6,6,'2025-04-01 08:50:00','2025-04-01 08:50:00'),(6,26,'2025-04-01 12:10:00','2025-04-01 12:10:00'),(7,7,'2025-04-01 09:00:00','2025-04-01 09:00:00'),(7,27,'2025-04-01 12:20:00','2025-04-01 12:20:00'),(8,8,'2025-04-01 09:10:00','2025-04-01 09:10:00'),(8,28,'2025-04-01 12:30:00','2025-04-01 12:30:00'),(9,9,'2025-04-01 09:20:00','2025-04-01 09:20:00'),(9,29,'2025-04-01 12:40:00','2025-04-01 12:40:00'),(10,10,'2025-04-01 09:30:00','2025-04-01 09:30:00'),(10,30,'2025-04-01 12:50:00','2025-04-01 12:50:00'),(11,11,'2025-04-01 09:40:00','2025-04-01 09:40:00'),(12,12,'2025-04-01 09:50:00','2025-04-01 09:50:00'),(13,13,'2025-04-01 10:00:00','2025-04-01 10:00:00'),(14,14,'2025-04-01 10:10:00','2025-04-01 10:10:00'),(15,15,'2025-04-01 10:20:00','2025-04-01 10:20:00'),(16,16,'2025-04-01 10:30:00','2025-04-01 10:30:00'),(17,17,'2025-04-01 10:40:00','2025-04-01 10:40:00'),(18,18,'2025-04-01 10:50:00','2025-04-01 10:50:00'),(19,19,'2025-04-01 11:00:00','2025-04-01 11:00:00'),(20,20,'2025-04-01 11:10:00','2025-04-01 11:10:00');
/*!40000 ALTER TABLE `favoritesdetails` ENABLE KEYS */;
UNLOCK TABLES;

--
-- Table structure for table `orderdetails`
--

DROP TABLE IF EXISTS `orderdetails`;
/*!40101 SET @saved_cs_client     = @@character_set_client */;
/*!50503 SET character_set_client = utf8mb4 */;
CREATE TABLE `orderdetails` (
  `OrderDetailID` int NOT NULL AUTO_INCREMENT,
  `OrderID` int DEFAULT NULL,
  `ProductID` int DEFAULT NULL,
  `Quantity` int DEFAULT NULL,
  `UnitPrice` decimal(10,0) DEFAULT NULL,
  `SubTotal` decimal(10,0) DEFAULT NULL,
  PRIMARY KEY (`OrderDetailID`),
  UNIQUE KEY `OrderDetailID` (`OrderDetailID`),
  KEY `OrderID` (`OrderID`),
  KEY `ProductID` (`ProductID`),
  CONSTRAINT `orderdetails_ibfk_1` FOREIGN KEY (`OrderID`) REFERENCES `orders` (`OrderID`) ON DELETE CASCADE ON UPDATE CASCADE,
  CONSTRAINT `orderdetails_ibfk_2` FOREIGN KEY (`ProductID`) REFERENCES `products` (`ProductID`) ON DELETE CASCADE ON UPDATE CASCADE
) ENGINE=InnoDB AUTO_INCREMENT=68 DEFAULT CHARSET=utf8mb4 COLLATE=utf8mb4_0900_ai_ci;
/*!40101 SET character_set_client = @saved_cs_client */;

--
-- Dumping data for table `orderdetails`
--

LOCK TABLES `orderdetails` WRITE;
/*!40000 ALTER TABLE `orderdetails` DISABLE KEYS */;
INSERT INTO `orderdetails` VALUES (1,1,1,1,25000,25000),(2,2,2,1,35000,35000),(3,3,3,1,30000,30000),(4,4,4,1,150000,150000),(5,5,5,1,60000,60000),(6,6,6,1,30000,30000),(7,7,7,1,50000,50000),(8,8,8,1,40000,40000),(9,9,9,1,35000,35000),(10,10,10,1,180000,180000),(11,11,11,1,120000,120000),(12,12,12,1,90000,90000),(13,13,13,1,250000,250000),(14,14,14,1,50000,50000),(15,15,15,1,50000,50000),(16,16,16,1,75000,75000),(17,17,17,1,100000,100000),(18,18,18,1,200000,200000),(19,19,19,1,160000,160000),(20,20,20,1,45000,45000),(21,21,21,1,150000,150000),(22,22,22,1,85000,85000),(23,23,23,1,120000,120000),(24,24,24,2,25000,50000),(25,25,25,2,35000,70000),(26,26,26,2,30000,60000),(27,27,27,2,150000,300000),(28,28,28,2,60000,120000),(29,29,29,2,30000,60000),(30,30,30,2,50000,100000),(31,31,1,1,25000,25000),(32,32,2,1,35000,35000),(33,33,3,1,30000,30000),(34,34,4,1,150000,150000),(35,35,5,1,60000,60000),(36,36,6,1,30000,30000),(37,37,7,1,50000,50000),(38,38,8,1,40000,40000),(39,39,9,1,35000,35000),(40,40,10,1,180000,180000),(41,41,11,1,120000,120000),(42,42,12,1,90000,90000),(43,43,13,1,250000,250000),(44,44,14,1,50000,50000),(45,45,15,1,50000,50000),(46,46,16,1,75000,75000),(47,47,17,1,100000,100000),(48,48,18,1,200000,200000),(49,49,19,1,160000,160000),(50,50,20,1,45000,45000),(51,51,21,1,150000,150000),(52,52,22,1,85000,85000),(53,53,23,1,120000,120000),(54,54,24,2,25000,50000),(55,55,25,2,35000,70000),(56,56,26,2,30000,60000),(57,57,27,2,150000,300000),(58,58,28,2,60000,120000),(59,59,29,2,30000,60000),(60,60,30,2,50000,100000),(61,60,29,1,30000,30000),(62,60,28,1,60000,60000),(63,60,27,2,150000,300000),(64,60,23,4,120000,480000),(65,61,1,1,25000,25000),(66,62,11,1,40000,40000),(67,63,11,1,40000,40000);
/*!40000 ALTER TABLE `orderdetails` ENABLE KEYS */;
UNLOCK TABLES;

--
-- Table structure for table `orders`
--

DROP TABLE IF EXISTS `orders`;
/*!40101 SET @saved_cs_client     = @@character_set_client */;
/*!50503 SET character_set_client = utf8mb4 */;
CREATE TABLE `orders` (
  `OrderID` int NOT NULL AUTO_INCREMENT,
  `CustomerID` int DEFAULT NULL,
  `OrderDate` datetime DEFAULT NULL,
  `TotalAmount` decimal(10,0) DEFAULT NULL,
  `Status` varchar(255) DEFAULT NULL,
  `ShippingAddress` varchar(255) DEFAULT NULL,
  `CreatedAt` datetime DEFAULT CURRENT_TIMESTAMP,
  `UpdatedAt` datetime DEFAULT CURRENT_TIMESTAMP ON UPDATE CURRENT_TIMESTAMP,
  `ShipperID` int DEFAULT NULL,
  PRIMARY KEY (`OrderID`),
  UNIQUE KEY `OrderID` (`OrderID`),
  KEY `CustomerID` (`CustomerID`),
  KEY `fk_orders_shipper` (`ShipperID`),
  CONSTRAINT `fk_orders_shipper` FOREIGN KEY (`ShipperID`) REFERENCES `shipper` (`ShipperID`) ON DELETE CASCADE ON UPDATE CASCADE,
  CONSTRAINT `orders_ibfk_1` FOREIGN KEY (`CustomerID`) REFERENCES `customers` (`CustomerID`) ON DELETE CASCADE ON UPDATE CASCADE
) ENGINE=InnoDB AUTO_INCREMENT=64 DEFAULT CHARSET=utf8mb4 COLLATE=utf8mb4_0900_ai_ci;
/*!40101 SET character_set_client = @saved_cs_client */;

--
-- Dumping data for table `orders`
--

LOCK TABLES `orders` WRITE;
/*!40000 ALTER TABLE `orders` DISABLE KEYS */;
INSERT INTO `orders` VALUES (1,1,'2025-01-01 08:00:00',25000,'Đã giao','123 Đường Chính, TP. Hồ Chí Minh','2025-03-01 08:00:00','2025-03-13 23:40:53',1),(2,1,'2025-01-01 10:15:00',35000,'Đã giao','123 Đường Chính, TP. Hồ Chí Minh','2025-03-01 10:15:00','2025-03-13 23:40:53',1),(3,1,'2025-01-02 15:30:00',30000,'Đã giao','123 Đường Chính, TP. Hồ Chí Minh','2025-03-02 15:30:00','2025-03-13 23:40:53',1),(4,1,'2025-02-03 09:45:00',150000,'Đã giao','123 Đường Chính, TP. Hồ Chí Minh','2025-03-03 09:45:00','2025-03-13 23:40:53',1),(5,1,'2025-01-03 14:00:00',60000,'Đã giao','123 Đường Chính, TP. Hồ Chí Minh','2025-03-03 14:00:00','2025-03-13 23:40:53',1),(6,1,'2025-01-04 18:45:00',30000,'Đã giao','123 Đường Chính, TP. Hồ Chí Minh','2025-03-04 18:45:00','2025-03-13 23:40:53',1),(7,1,'2025-02-05 10:20:00',50000,'Đã giao','123 Đường Chính, TP. Hồ Chí Minh','2025-03-05 10:20:00','2025-03-13 23:40:53',1),(8,1,'2025-02-06 20:15:00',40000,'Đã giao','123 Đường Chính, TP. Hồ Chí Minh','2025-03-06 20:15:00','2025-03-13 23:40:53',1),(9,1,'2025-01-07 14:00:00',35000,'Đã giao','123 Đường Chính, TP. Hồ Chí Minh','2025-03-07 14:00:00','2025-03-13 23:40:53',1),(10,1,'2025-01-08 16:10:00',180000,'Đã giao','123 Đường Chính, TP. Hồ Chí Minh','2025-03-08 16:10:00','2025-03-13 23:40:53',1),(11,1,'2025-01-09 12:30:00',120000,'Đã giao','123 Đường Chính, TP. Hồ Chí Minh','2025-03-09 12:30:00','2025-03-13 23:40:53',1),(12,1,'2025-01-10 09:45:00',90000,'Đã giao','123 Đường Chính, TP. Hồ Chí Minh','2025-03-10 09:45:00','2025-03-13 23:40:53',1),(13,1,'2025-01-11 18:20:00',250000,'Đã giao','123 Đường Chính, TP. Hồ Chí Minh','2025-03-11 18:20:00','2025-03-13 23:40:53',1),(14,1,'2025-02-12 14:50:00',50000,'Đã giao','123 Đường Chính, TP. Hồ Chí Minh','2025-03-12 14:50:00','2025-03-13 23:40:53',1),(15,1,'2025-01-13 10:15:00',50000,'Đã giao','123 Đường Chính, TP. Hồ Chí Minh','2025-03-13 10:15:00','2025-03-13 23:40:53',1),(16,1,'2025-02-14 12:45:00',75000,'Đã giao','123 Đường Chính, TP. Hồ Chí Minh','2025-03-14 12:45:00','2025-03-13 23:40:53',1),(17,1,'2025-01-15 08:30:00',100000,'Đã giao','123 Đường Chính, TP. Hồ Chí Minh','2025-03-15 08:30:00','2025-03-13 23:40:53',1),(18,1,'2025-01-16 15:00:00',200000,'Đã giao','123 Đường Chính, TP. Hồ Chí Minh','2025-03-16 15:00:00','2025-03-13 23:40:53',1),(19,1,'2025-01-17 10:30:00',160000,'Đã giao','123 Đường Chính, TP. Hồ Chí Minh','2025-03-17 10:30:00','2025-03-13 23:40:53',1),(20,1,'2025-02-18 14:40:00',45000,'Đã giao','123 Đường Chính, TP. Hồ Chí Minh','2025-03-18 14:40:00','2025-03-13 23:40:53',1),(21,1,'2025-02-19 12:00:00',150000,'Đã giao','123 Đường Chính, TP. Hồ Chí Minh','2025-03-19 12:00:00','2025-03-13 23:40:53',1),(22,1,'2025-01-20 16:50:00',85000,'Đã giao','123 Đường Chính, TP. Hồ Chí Minh','2025-03-20 16:50:00','2025-03-13 23:40:53',1),(23,1,'2025-02-21 10:15:00',120000,'Đã giao','123 Đường Chính, TP. Hồ Chí Minh','2025-03-21 10:15:00','2025-03-13 23:40:53',1),(24,1,'2025-03-01 08:00:00',25000,'Đã giao','123 Đường Chính, TP. Hồ Chí Minh','2025-03-01 08:00:00','2025-03-01 10:00:00',1),(25,1,'2025-03-01 10:15:00',35000,'Đã giao','123 Đường Chính, TP. Hồ Chí Minh','2025-03-01 10:15:00','2025-03-01 12:30:00',1),(26,1,'2025-03-02 15:30:00',30000,'Đã giao','123 Đường Chính, TP. Hồ Chí Minh','2025-03-02 15:30:00','2025-03-02 18:00:00',1),(27,1,'2025-03-03 09:45:00',150000,'Đã giao','123 Đường Chính, TP. Hồ Chí Minh','2025-03-03 09:45:00','2025-03-03 11:30:00',1),(28,1,'2025-03-03 14:00:00',60000,'Đã giao','123 Đường Chính, TP. Hồ Chí Minh','2025-03-03 14:00:00','2025-03-03 16:30:00',1),(29,1,'2025-03-04 18:45:00',30000,'Đã giao','123 Đường Chính, TP. Hồ Chí Minh','2025-03-04 18:45:00','2025-03-04 21:00:00',1),(30,1,'2025-02-05 10:20:00',50000,'Đã giao','123 Đường Chính, TP. Hồ Chí Minh','2025-03-05 10:20:00','2025-03-13 23:39:12',1),(31,1,'2025-02-06 20:15:00',40000,'Đã giao','123 Đường Chính, TP. Hồ Chí Minh','2025-03-06 20:15:00','2025-03-13 23:39:12',1),(32,1,'2025-01-07 14:00:00',35000,'Đã giao','123 Đường Chính, TP. Hồ Chí Minh','2025-03-07 14:00:00','2025-03-13 23:39:12',1),(33,1,'2025-01-08 16:10:00',180000,'Đã giao','123 Đường Chính, TP. Hồ Chí Minh','2025-03-08 16:10:00','2025-03-13 23:39:12',1),(34,1,'2025-01-09 12:30:00',120000,'Đã giao','123 Đường Chính, TP. Hồ Chí Minh','2025-03-09 12:30:00','2025-03-13 23:39:12',1),(35,1,'2025-02-10 09:45:00',90000,'Đã giao','123 Đường Chính, TP. Hồ Chí Minh','2025-03-10 09:45:00','2025-03-13 23:39:12',1),(36,1,'2025-02-11 18:20:00',250000,'Đã giao','123 Đường Chính, TP. Hồ Chí Minh','2025-03-11 18:20:00','2025-03-13 23:39:12',1),(37,1,'2025-01-12 14:50:00',50000,'Đã giao','123 Đường Chính, TP. Hồ Chí Minh','2025-03-12 14:50:00','2025-03-13 23:39:12',1),(38,1,'2025-01-13 10:15:00',50000,'Đã giao','123 Đường Chính, TP. Hồ Chí Minh','2025-03-13 10:15:00','2025-03-13 23:39:12',1),(39,1,'2025-02-14 12:45:00',75000,'Đã giao','123 Đường Chính, TP. Hồ Chí Minh','2025-03-14 12:45:00','2025-03-13 23:39:12',1),(40,1,'2025-01-15 08:30:00',100000,'Đã giao','123 Đường Chính, TP. Hồ Chí Minh','2025-03-15 08:30:00','2025-03-13 23:39:12',1),(41,1,'2025-01-16 15:00:00',200000,'Đã giao','123 Đường Chính, TP. Hồ Chí Minh','2025-03-16 15:00:00','2025-03-13 23:39:12',1),(42,1,'2025-01-17 10:30:00',160000,'Đã giao','123 Đường Chính, TP. Hồ Chí Minh','2025-03-17 10:30:00','2025-03-13 23:39:12',1),(43,1,'2025-01-18 14:40:00',45000,'Đã giao','123 Đường Chính, TP. Hồ Chí Minh','2025-03-18 14:40:00','2025-03-13 23:39:12',1),(44,1,'2025-01-19 12:00:00',150000,'Đã giao','123 Đường Chính, TP. Hồ Chí Minh','2025-03-19 12:00:00','2025-03-13 23:39:12',1),(45,1,'2025-01-20 16:50:00',85000,'Đã giao','123 Đường Chính, TP. Hồ Chí Minh','2025-03-20 16:50:00','2025-03-13 23:39:12',1),(46,1,'2025-01-21 10:15:00',120000,'Đã giao','123 Đường Chính, TP. Hồ Chí Minh','2025-03-21 10:15:00','2025-03-13 23:39:12',1),(47,1,'2025-02-22 11:15:00',130000,'Đã giao','123 Đường Chính, TP. Hồ Chí Minh','2025-03-22 11:15:00','2025-03-13 23:39:12',1),(48,1,'2025-02-23 16:30:00',75000,'Đã giao','123 Đường Chính, TP. Hồ Chí Minh','2025-03-23 16:30:00','2025-03-13 23:39:12',1),(49,1,'2025-02-24 19:45:00',200000,'Đã giao','123 Đường Chính, TP. Hồ Chí Minh','2025-03-24 19:45:00','2025-03-13 23:39:12',1),(50,1,'2025-01-25 09:00:00',175000,'Đã giao','123 Đường Chính, TP. Hồ Chí Minh','2025-03-25 09:00:00','2025-03-13 23:39:12',1),(51,1,'2025-01-26 13:45:00',125000,'Đã giao','123 Đường Chính, TP. Hồ Chí Minh','2025-03-26 13:45:00','2025-03-13 23:39:12',1),(52,1,'2025-02-27 17:10:00',185000,'Đã giao','123 Đường Chính, TP. Hồ Chí Minh','2025-03-27 17:10:00','2025-03-13 23:39:12',1),(53,1,'2025-01-28 08:30:00',95000,'Đã giao','123 Đường Chính, TP. Hồ Chí Minh','2025-03-28 08:30:00','2025-03-13 23:39:12',1),(54,1,'2025-01-29 14:20:00',210000,'Đã giao','123 Đường Chính, TP. Hồ Chí Minh','2025-03-29 14:20:00','2025-03-13 23:39:12',1),(55,1,'2025-01-30 10:15:00',115000,'Đã giao','123 Đường Chính, TP. Hồ Chí Minh','2025-03-30 10:15:00','2025-03-13 23:39:12',1),(56,1,'2025-01-31 19:30:00',145000,'Đã giao','123 Đường Chính, TP. Hồ Chí Minh','2025-03-31 19:30:00','2025-03-13 23:39:12',1),(57,1,'2025-02-01 12:45:00',85000,'Đã giao','123 Đường Chính, TP. Hồ Chí Minh','2025-04-01 12:45:00','2025-03-13 23:39:12',1),(58,1,'2025-01-02 16:15:00',225000,'Đã giao','123 Đường Chính, TP. Hồ Chí Minh','2025-04-02 16:15:00','2025-03-13 23:39:12',1),(59,1,'2025-01-03 09:30:00',175000,'Đã giao','123 Đường Chính, TP. Hồ Chí Minh','2025-04-03 09:30:00','2025-03-13 23:39:12',1),(60,1,'2025-01-04 11:45:00',140000,'Đã giao','123 Đường Chính, TP. Hồ Chí Minh','2025-04-04 11:45:00','2025-03-13 23:39:12',1),(61,1,'2025-03-13 00:00:00',25000,'Pending','123 Đường Chính, TP. Hồ Chí Minh','2025-03-13 00:00:00','2025-03-13 00:00:00',1),(62,1,'2025-03-18 00:00:00',40000,'Pending','123 Đường Chính, TP. Hồ Chí Minh','2025-03-18 00:00:00','2025-03-18 00:00:00',1),(63,1,'2025-03-18 00:00:00',40000,'Pending','123 Đường Chính, TP. Hồ Chí Minh','2025-03-18 00:00:00','2025-03-18 00:00:00',1);
/*!40000 ALTER TABLE `orders` ENABLE KEYS */;
UNLOCK TABLES;

--
-- Table structure for table `payment`
--

DROP TABLE IF EXISTS `payment`;
/*!40101 SET @saved_cs_client     = @@character_set_client */;
/*!50503 SET character_set_client = utf8mb4 */;
CREATE TABLE `payment` (
  `PaymentID` int NOT NULL AUTO_INCREMENT,
  `OrderID` int DEFAULT NULL,
  `PaymentDate` datetime DEFAULT CURRENT_TIMESTAMP,
  `Amount` decimal(10,0) DEFAULT NULL,
  `PaymentMethod` varchar(255) DEFAULT NULL,
  `PaymentStatus` varchar(255) DEFAULT NULL,
  PRIMARY KEY (`PaymentID`),
  UNIQUE KEY `PaymentID` (`PaymentID`),
  KEY `OrderID` (`OrderID`),
  CONSTRAINT `payment_ibfk_1` FOREIGN KEY (`OrderID`) REFERENCES `orders` (`OrderID`) ON DELETE CASCADE ON UPDATE CASCADE
) ENGINE=InnoDB AUTO_INCREMENT=64 DEFAULT CHARSET=utf8mb4 COLLATE=utf8mb4_0900_ai_ci;
/*!40101 SET character_set_client = @saved_cs_client */;

--
-- Dumping data for table `payment`
--

LOCK TABLES `payment` WRITE;
/*!40000 ALTER TABLE `payment` DISABLE KEYS */;
INSERT INTO `payment` VALUES (1,1,'2025-03-01 10:05:00',25000,'ATM','Đã thanh toán'),(2,2,'2025-03-01 12:35:00',35000,'Thanh toán khi nhận hàng','Chưa thanh toán'),(3,3,'2025-03-02 18:10:00',30000,'ATM','Đã thanh toán'),(4,4,'2025-03-03 11:45:00',150000,'ATM','Đã thanh toán'),(5,5,'2025-03-03 16:40:00',60000,'Thanh toán khi nhận hàng','Chưa thanh toán'),(6,6,'2025-03-04 21:05:00',30000,'ATM','Đã thanh toán'),(7,7,'2025-03-05 13:15:00',50000,'Thanh toán khi nhận hàng','Chưa thanh toán'),(8,8,'2025-03-06 23:10:00',40000,'ATM','Đã thanh toán'),(9,9,'2025-03-07 17:45:00',35000,'Thanh toán khi nhận hàng','Chưa thanh toán'),(10,10,'2025-03-08 18:50:00',180000,'ATM','Đã thanh toán'),(11,11,'2025-03-09 15:05:00',120000,'ATM','Đã thanh toán'),(12,12,'2025-03-10 12:20:00',90000,'Thanh toán khi nhận hàng','Chưa thanh toán'),(13,13,'2025-03-11 21:40:00',250000,'ATM','Đã thanh toán'),(14,14,'2025-03-12 17:15:00',50000,'ATM','Đã thanh toán'),(15,15,'2025-03-13 12:45:00',50000,'Thanh toán khi nhận hàng','Chưa thanh toán'),(16,16,'2025-03-14 15:35:00',75000,'ATM','Đã thanh toán'),(17,17,'2025-03-15 11:50:00',100000,'Thanh toán khi nhận hàng','Chưa thanh toán'),(18,18,'2025-03-16 18:20:00',200000,'ATM','Đã thanh toán'),(19,19,'2025-03-17 13:10:00',160000,'ATM','Đã thanh toán'),(20,20,'2025-03-18 17:05:00',45000,'Thanh toán khi nhận hàng','Chưa thanh toán'),(21,21,'2025-03-19 15:10:00',150000,'ATM','Đã thanh toán'),(22,22,'2025-03-20 19:40:00',85000,'Thanh toán khi nhận hàng','Chưa thanh toán'),(23,23,'2025-03-21 13:20:00',120000,'ATM','Đã thanh toán'),(24,24,'2025-03-22 14:00:00',130000,'ATM','Đã thanh toán'),(25,25,'2025-03-23 18:50:00',75000,'Thanh toán khi nhận hàng','Chưa thanh toán'),(26,26,'2025-03-24 07:40:00',200000,'ATM','Đã thanh toán'),(27,27,'2025-03-25 12:25:00',175000,'ATM','Đã thanh toán'),(28,28,'2025-03-26 16:10:00',125000,'Thanh toán khi nhận hàng','Chưa thanh toán'),(29,29,'2025-03-27 19:40:00',185000,'ATM','Đã thanh toán'),(30,30,'2025-03-28 10:50:00',95000,'ATM','Đã thanh toán'),(31,31,'2025-03-29 17:10:00',210000,'ATM','Đã thanh toán'),(32,32,'2025-03-30 13:30:00',115000,'Thanh toán khi nhận hàng','Chưa thanh toán'),(33,33,'2025-03-31 21:55:00',145000,'ATM','Đã thanh toán'),(34,34,'2025-04-01 14:40:00',85000,'Thanh toán khi nhận hàng','Chưa thanh toán'),(35,35,'2025-04-02 18:50:00',225000,'ATM','Đã thanh toán'),(36,36,'2025-04-03 12:20:00',175000,'ATM','Đã thanh toán'),(37,37,'2025-04-04 14:10:00',140000,'Thanh toán khi nhận hàng','Chưa thanh toán'),(38,38,'2025-04-05 09:30:00',120000,'ATM','Đã thanh toán'),(39,39,'2025-04-06 16:45:00',95000,'Thanh toán khi nhận hàng','Chưa thanh toán'),(40,40,'2025-04-07 11:25:00',180000,'ATM','Đã thanh toán'),(41,41,'2025-04-08 14:50:00',160000,'ATM','Đã thanh toán'),(42,42,'2025-04-09 18:20:00',145000,'Thanh toán khi nhận hàng','Chưa thanh toán'),(43,43,'2025-04-10 13:15:00',130000,'ATM','Đã thanh toán'),(44,44,'2025-04-11 19:30:00',115000,'ATM','Đã thanh toán'),(45,45,'2025-04-12 10:55:00',105000,'Thanh toán khi nhận hàng','Chưa thanh toán'),(46,46,'2025-04-13 12:30:00',195000,'ATM','Đã thanh toán'),(47,47,'2025-04-14 16:15:00',175000,'Thanh toán khi nhận hàng','Chưa thanh toán'),(48,48,'2025-04-15 09:40:00',90000,'ATM','Đã thanh toán'),(49,49,'2025-04-16 15:55:00',220000,'ATM','Đã thanh toán'),(50,50,'2025-04-17 13:20:00',155000,'Thanh toán khi nhận hàng','Chưa thanh toán'),(51,51,'2025-04-18 18:30:00',135000,'ATM','Đã thanh toán'),(52,52,'2025-04-19 12:00:00',105000,'ATM','Đã thanh toán'),(53,53,'2025-04-20 14:10:00',95000,'Thanh toán khi nhận hàng','Chưa thanh toán'),(54,54,'2025-04-21 19:15:00',200000,'ATM','Đã thanh toán'),(55,55,'2025-04-22 11:50:00',175000,'ATM','Đã thanh toán'),(56,56,'2025-04-23 17:35:00',150000,'Thanh toán khi nhận hàng','Chưa thanh toán'),(57,57,'2025-04-24 09:40:00',180000,'ATM','Đã thanh toán'),(58,58,'2025-04-25 14:55:00',125000,'Thanh toán khi nhận hàng','Chưa thanh toán'),(59,59,'2025-04-26 13:10:00',115000,'ATM','Đã thanh toán'),(60,60,'2025-04-27 15:20:00',95000,'Thanh toán khi nhận hàng','Chưa thanh toán'),(61,61,'2025-03-13 00:00:00',25000,'Thanh toán khi nhận hàng','Pending'),(62,62,'2025-03-18 00:00:00',40000,'Thanh toán ATM','Pending'),(63,63,'2025-03-18 00:00:00',40000,'Thanh toán ATM','Pending');
/*!40000 ALTER TABLE `payment` ENABLE KEYS */;
UNLOCK TABLES;

--
-- Table structure for table `productimages`
--

DROP TABLE IF EXISTS `productimages`;
/*!40101 SET @saved_cs_client     = @@character_set_client */;
/*!50503 SET character_set_client = utf8mb4 */;
CREATE TABLE `productimages` (
  `ProductImageID` int NOT NULL AUTO_INCREMENT,
  `ProductID` int DEFAULT NULL,
  `ImageURL` varchar(255) DEFAULT NULL,
  `CreatedAt` datetime DEFAULT NULL,
  PRIMARY KEY (`ProductImageID`),
  UNIQUE KEY `ProductImageID` (`ProductImageID`),
  KEY `ProductID` (`ProductID`),
  CONSTRAINT `productimages_ibfk_1` FOREIGN KEY (`ProductID`) REFERENCES `products` (`ProductID`) ON DELETE CASCADE ON UPDATE CASCADE
) ENGINE=InnoDB AUTO_INCREMENT=91 DEFAULT CHARSET=utf8mb4 COLLATE=utf8mb4_0900_ai_ci;
/*!40101 SET character_set_client = @saved_cs_client */;

--
-- Dumping data for table `productimages`
--

LOCK TABLES `productimages` WRITE;
/*!40000 ALTER TABLE `productimages` DISABLE KEYS */;
INSERT INTO `productimages` VALUES (1,1,'assets/img/product/capheden_1.jpg','2025-03-04 21:23:20'),(2,1,'assets/img/product/capheden_2.jpg','2025-03-04 21:23:20'),(3,1,'assets/img/product/capheden_3.jpg','2025-03-04 21:23:20'),(4,2,'assets/img/product/trasuachanchau_1.jpg','2025-03-04 21:23:20'),(5,2,'assets/img/product/trasuachanchau_2.jpg','2025-03-04 21:23:20'),(6,2,'assets/img/product/trasuachanchau_3.jpg','2025-03-04 21:23:20'),(7,3,'assets/img/product/nuocepcam_1.jpg','2025-03-04 21:23:20'),(8,3,'assets/img/product/nuocepcam_2.jpg','2025-03-04 21:23:20'),(9,3,'assets/img/product/nuocepcam_3.jpg','2025-03-04 21:23:20'),(10,4,'assets/img/product/pizzahaisan_1.jpg','2025-03-04 21:23:20'),(11,4,'assets/img/product/pizzahaisan_2.jpg','2025-03-04 21:23:20'),(12,4,'assets/img/product/pizzahaisan_3.jpg','2025-03-04 21:23:20'),(13,5,'assets/img/product/burgerbo_1.jpg','2025-03-04 21:23:20'),(14,5,'assets/img/product/burgerbo_2.jpg','2025-03-04 21:23:20'),(15,5,'assets/img/product/burgerbo_3.jpg','2025-03-04 21:23:20'),(16,6,'assets/img/product/khoaitaychien_1.jpg','2025-03-04 21:23:20'),(17,6,'assets/img/product/khoaitaychien_2.jpg','2025-03-04 21:23:20'),(18,6,'assets/img/product/khoaitaychien_3.jpg','2025-03-04 21:23:20'),(19,7,'assets/img/product/bunbohue_1.jpg','2025-03-04 21:23:20'),(20,7,'assets/img/product/bunbohue_2.jpg','2025-03-04 21:23:20'),(21,7,'assets/img/product/bunbohue_3.jpg','2025-03-04 21:23:20'),(22,8,'assets/img/product/comgaxoimo_1.jpg','2025-03-04 21:23:20'),(23,8,'assets/img/product/comgaxoimo_2.jpg','2025-03-04 21:23:20'),(24,8,'assets/img/product/comgaxoimo_3.jpg','2025-03-04 21:23:20'),(25,9,'assets/img/product/mixaobo_1.jpg','2025-03-04 21:23:20'),(26,9,'assets/img/product/mixaobo_2.jpg','2025-03-04 21:23:20'),(27,9,'assets/img/product/mixaobo_3.jpg','2025-03-04 21:23:20'),(28,10,'assets/img/product/banhflan_1.jpg','2025-03-04 21:23:20'),(29,10,'assets/img/product/banhflan_2.jpg','2025-03-04 21:23:20'),(30,10,'assets/img/product/banhflan_3.jpg','2025-03-04 21:23:20'),(31,11,'assets/img/product/kemdua_1.jpg','2025-03-04 21:23:20'),(32,11,'assets/img/product/kemdua_2.jpg','2025-03-04 21:23:20'),(33,11,'assets/img/product/kemdua_3.jpg','2025-03-04 21:23:20'),(34,12,'assets/img/product/chebuoi_1.jpg','2025-03-04 21:23:20'),(35,12,'assets/img/product/chebuoi_2.jpg','2025-03-04 21:23:20'),(36,12,'assets/img/product/chebuoi_3.jpg','2025-03-04 21:23:20'),(37,13,'assets/img/product/tomnuongmuoiot_1.jpg','2025-03-04 21:23:20'),(38,13,'assets/img/product/tomnuongmuoiot_2.jpg','2025-03-04 21:23:20'),(39,13,'assets/img/product/tomnuongmuoiot_3.jpg','2025-03-04 21:23:20'),(40,14,'assets/img/product/mucxaosate_1.jpg','2025-03-04 21:23:20'),(41,14,'assets/img/product/mucxaosate_2.jpg','2025-03-04 21:23:20'),(42,14,'assets/img/product/mucxaosate_3.jpg','2025-03-04 21:23:20'),(43,15,'assets/img/product/haunuongphomai_1.jpg','2025-03-04 21:23:20'),(44,15,'assets/img/product/haunuongphomai_2.jpg','2025-03-04 21:23:20'),(45,15,'assets/img/product/haunuongphomai_3.jpg','2025-03-04 21:23:20'),(46,16,'assets/img/product/bachinuong_1.jpg','2025-03-04 21:23:20'),(47,16,'assets/img/product/bachinuong_2.jpg','2025-03-04 21:23:20'),(48,16,'assets/img/product/bachinuong_3.jpg','2025-03-04 21:23:20'),(49,17,'assets/img/product/xienquetonghop_1.jpg','2025-03-04 21:23:20'),(50,17,'assets/img/product/xienquetonghop_2.jpg','2025-03-04 21:23:20'),(51,17,'assets/img/product/xienquetonghop_3.jpg','2025-03-04 21:23:20'),(52,18,'assets/img/product/suonnuongbbq_1.jpg','2025-03-04 21:23:20'),(53,18,'assets/img/product/suonnuongbbq_2.jpg','2025-03-04 21:23:20'),(54,18,'assets/img/product/suonnuongbbq_3.jpg','2025-03-04 21:23:20'),(55,19,'assets/img/product/lautthaichaocay_1.jpg','2025-03-04 21:23:20'),(56,19,'assets/img/product/lautthaichaocay_2.jpg','2025-03-04 21:23:20'),(57,19,'assets/img/product/lautthaichaocay_3.jpg','2025-03-04 21:23:20'),(58,20,'assets/img/product/laubonhungdam_1.jpg','2025-03-04 21:23:20'),(59,20,'assets/img/product/laubonhungdam_2.jpg','2025-03-04 21:23:20'),(60,20,'assets/img/product/laubonhungdam_3.jpg','2025-03-04 21:23:20'),(61,21,'assets/img/product/launamchay_1.jpg','2025-03-04 21:23:20'),(62,21,'assets/img/product/launamchay_2.jpg','2025-03-04 21:23:20'),(63,21,'assets/img/product/launamchay_3.jpg','2025-03-04 21:23:20'),(64,22,'assets/img/product/comchaythapcam_1.jpg','2025-03-04 21:23:20'),(65,22,'assets/img/product/comchaythapcam_2.jpg','2025-03-04 21:23:20'),(66,22,'assets/img/product/comchaythapcam_3.jpg','2025-03-04 21:23:20'),(67,23,'assets/img/product/bunrieuchay_1.jpg','2025-03-04 21:23:20'),(68,23,'assets/img/product/bunrieuchay_2.jpg','2025-03-04 21:23:20'),(69,23,'assets/img/product/bunrieuchay_3.jpg','2025-03-04 21:23:20'),(70,24,'assets/img/product/goicuonchay_1.jpg','2025-03-04 21:23:20'),(71,24,'assets/img/product/goicuonchay_2.jpg','2025-03-04 21:23:20'),(72,24,'assets/img/product/goicuonchay_3.jpg','2025-03-04 21:23:20'),(73,25,'assets/img/product/banhbonglantrungmuoi_1.jpg','2025-03-04 21:23:20'),(74,25,'assets/img/product/banhbonglantrungmuoi_2.jpg','2025-03-04 21:23:20'),(75,25,'assets/img/product/banhbonglantrungmuoi_3.jpg','2025-03-04 21:23:20'),(76,26,'assets/img/product/banhmousselanhday_1.jpg','2025-03-04 21:23:20'),(77,26,'assets/img/product/banhmousselanhday_2.jpg','2025-03-04 21:23:20'),(78,26,'assets/img/product/banhmousselanhday_3.jpg','2025-03-04 21:23:20'),(79,27,'assets/img/product/banhtartphomai_1.jpg','2025-03-04 21:23:20'),(80,27,'assets/img/product/banhtartphomai_2.jpg','2025-03-04 21:23:20'),(81,27,'assets/img/product/banhtartphomai_3.jpg','2025-03-04 21:23:20'),(82,28,'assets/img/product/cavienchien_1.jpg','2025-03-04 21:23:20'),(83,28,'assets/img/product/cavienchien_2.jpg','2025-03-04 21:23:20'),(84,28,'assets/img/product/cavienchien_3.jpg','2025-03-04 21:23:20'),(85,29,'assets/img/product/khogalachanh_1.jpg','2025-03-04 21:23:20'),(86,29,'assets/img/product/khogalachanh_2.jpg','2025-03-04 21:23:20'),(87,29,'assets/img/product/khogalachanh_3.jpg','2025-03-04 21:23:20'),(88,30,'assets/img/product/snackrongbien_1.jpg','2025-03-04 21:23:20'),(89,30,'assets/img/product/snackrongbien_2.jpg','2025-03-04 21:23:20'),(90,30,'assets/img/product/snackrongbien_3.jpg','2025-03-04 21:23:20');
/*!40000 ALTER TABLE `productimages` ENABLE KEYS */;
UNLOCK TABLES;

--
-- Table structure for table `productreviews`
--

DROP TABLE IF EXISTS `productreviews`;
/*!40101 SET @saved_cs_client     = @@character_set_client */;
/*!50503 SET character_set_client = utf8mb4 */;
CREATE TABLE `productreviews` (
  `ReviewID` int NOT NULL AUTO_INCREMENT,
  `OrderDetailID` int NOT NULL,
  `ProductID` int NOT NULL,
  `CustomerID` int NOT NULL,
  `Rating` int DEFAULT NULL,
  `Comment` mediumtext,
  `ProductReviewsImage` varchar(255) DEFAULT NULL,
  `CreatedAt` datetime DEFAULT CURRENT_TIMESTAMP,
  `UpdatedAt` datetime DEFAULT CURRENT_TIMESTAMP ON UPDATE CURRENT_TIMESTAMP,
  PRIMARY KEY (`ReviewID`),
  UNIQUE KEY `ReviewID` (`ReviewID`),
  KEY `OrderDetailID` (`OrderDetailID`),
  KEY `ProductID` (`ProductID`),
  KEY `CustomerID` (`CustomerID`),
  CONSTRAINT `productreviews_ibfk_1` FOREIGN KEY (`OrderDetailID`) REFERENCES `orderdetails` (`OrderDetailID`) ON DELETE CASCADE ON UPDATE CASCADE,
  CONSTRAINT `productreviews_ibfk_2` FOREIGN KEY (`ProductID`) REFERENCES `products` (`ProductID`) ON DELETE CASCADE ON UPDATE CASCADE,
  CONSTRAINT `productreviews_ibfk_3` FOREIGN KEY (`CustomerID`) REFERENCES `customers` (`CustomerID`) ON DELETE CASCADE ON UPDATE CASCADE,
  CONSTRAINT `productreviews_chk_1` CHECK ((`Rating` between 1 and 5))
) ENGINE=InnoDB AUTO_INCREMENT=93 DEFAULT CHARSET=utf8mb4 COLLATE=utf8mb4_0900_ai_ci;
/*!40101 SET character_set_client = @saved_cs_client */;

--
-- Dumping data for table `productreviews`
--

LOCK TABLES `productreviews` WRITE;
/*!40000 ALTER TABLE `productreviews` DISABLE KEYS */;
INSERT INTO `productreviews` VALUES (1,1,1,1,5,'Cà phê đậm đà, thơm ngon!','assets/img/reviews/review-1.jpg','2025-04-01 10:00:00','2025-04-01 10:00:00'),(2,2,2,2,4,'Trà sữa ngon nhưng hơi ngọt!','assets/img/reviews/review-2.jpg','2025-04-02 12:00:00','2025-04-02 12:00:00'),(3,3,3,3,5,'Nước ép cam rất tươi mát!','assets/img/reviews/review-3.jpg','2025-04-03 15:00:00','2025-04-03 15:00:00'),(4,4,4,4,4,'Pizza hải sản ngon nhưng hơi ít topping.','assets/img/reviews/review-4.jpg','2025-04-04 18:30:00','2025-04-04 18:30:00'),(5,5,5,5,5,'Burger bò sốt đặc biệt rất ngon!','assets/img/reviews/review-5.jpg','2025-04-05 14:00:00','2025-04-05 14:00:00'),(6,6,6,6,5,'Khoai tây chiên giòn và chấm sốt ngon.','assets/img/reviews/review-6.jpg','2025-04-06 17:00:00','2025-04-06 17:00:00'),(7,7,7,7,4,'Bún bò Huế chuẩn vị, nước dùng đậm đà.','assets/img/reviews/review-7.jpg','2025-04-07 11:00:00','2025-04-07 11:00:00'),(8,8,8,8,3,'Cơm gà xối mỡ ngon nhưng hơi khô.','assets/img/reviews/review-8.jpg','2025-04-08 09:30:00','2025-04-08 09:30:00'),(9,9,9,9,5,'Mì xào bò rất thơm và không bị dai.','assets/img/reviews/review-9.jpg','2025-04-09 13:15:00','2025-04-09 13:15:00'),(10,10,10,10,4,'Bánh flan mềm mịn, caramel rất thơm.','assets/img/reviews/review-10.jpg','2025-04-10 16:45:00','2025-04-10 16:45:00'),(11,11,11,1,5,'Kem dừa béo ngậy, rất ngon!','assets/img/reviews/review-11.jpg','2025-04-11 11:00:00','2025-04-11 11:00:00'),(12,12,12,2,4,'Chè bưởi ngon, vị thanh mát.','assets/img/reviews/review-12.jpg','2025-04-12 14:20:00','2025-04-12 14:20:00'),(13,13,13,3,5,'Tôm nướng muối ớt siêu ngon, cay vừa miệng!','assets/img/reviews/review-13.jpg','2025-04-13 18:00:00','2025-04-13 18:00:00'),(14,14,14,4,3,'Mực xào sa tế hơi mặn một chút.','assets/img/reviews/review-14.jpg','2025-04-14 19:45:00','2025-04-14 19:45:00'),(15,15,15,5,5,'Hàu nướng phô mai tuyệt vời!','assets/img/reviews/review-15.jpg','2025-04-15 20:30:00','2025-04-15 20:30:00'),(16,16,16,6,5,'Ba chỉ nướng ngon, thịt mềm!','assets/img/reviews/review-16.jpg','2025-04-16 12:45:00','2025-04-16 12:45:00'),(17,17,17,7,4,'Xiên que tổng hợp đa dạng, ngon.','assets/img/reviews/review-17.jpg','2025-04-17 14:30:00','2025-04-17 14:30:00'),(18,18,18,8,3,'Sườn nướng BBQ hơi khô, nhưng sốt ngon.','assets/img/reviews/review-18.jpg','2025-04-18 16:10:00','2025-04-18 16:10:00'),(19,19,19,9,5,'Lẩu Thái chua cay đúng vị!','assets/img/reviews/review-19.jpg','2025-04-19 18:30:00','2025-04-19 18:30:00'),(20,20,20,10,5,'Lẩu bò nhúng dấm ngon và không bị ngấy.','assets/img/reviews/review-20.jpg','2025-04-20 20:15:00','2025-04-20 20:15:00'),(21,21,21,1,5,'Lẩu nấm chay thanh đạm, rất ngon.','assets/img/reviews/review-21.jpg','2025-04-21 09:30:00','2025-04-21 09:30:00'),(22,22,22,2,4,'Cơm chay thập cẩm ngon, đồ ăn đa dạng.','assets/img/reviews/review-22.jpg','2025-04-22 12:00:00','2025-04-22 12:00:00'),(23,23,23,3,3,'Bún riêu chay hơi nhạt nhưng đầy đủ topping.','assets/img/reviews/review-23.jpg','2025-04-23 15:45:00','2025-04-23 15:45:00'),(24,24,24,4,5,'Gỏi cuốn chay ngon, sốt đậm vị!','assets/img/reviews/review-24.jpg','2025-04-24 17:30:00','2025-04-24 17:30:00'),(25,25,25,5,5,'Bánh bông lan trứng muối béo ngậy.','assets/img/reviews/review-25.jpg','2025-04-25 19:00:00','2025-04-25 19:00:00'),(26,26,26,6,4,'Bánh mousse chanh dây chua ngọt, ngon!','assets/img/reviews/review-26.jpg','2025-04-26 11:45:00','2025-04-26 11:45:00'),(27,27,27,7,5,'Bánh tart phô mai tan chảy!','assets/img/reviews/review-27.jpg','2025-04-27 14:15:00','2025-04-27 14:15:00'),(28,28,28,8,5,'Cá viên chiên giòn, sốt me ngon!','assets/img/reviews/review-28.jpg','2025-04-28 16:00:00','2025-04-28 16:00:00'),(29,29,29,9,4,'Khô gà lá chanh ngon nhưng hơi cay.','assets/img/reviews/review-29.jpg','2025-04-29 18:30:00','2025-04-29 18:30:00'),(30,30,30,10,5,'Snack rong biển thơm, giòn, ngon.','assets/img/reviews/review-30.jpg','2025-04-30 20:45:00','2025-04-30 20:45:00'),(31,31,1,2,4,'Cà phê hơi đậm nhưng vẫn ngon.','assets/img/reviews/review-31.jpg','2025-05-01 10:00:00','2025-05-01 10:00:00'),(32,32,2,3,5,'Trà sữa rất ngon, không quá ngọt!','assets/img/reviews/review-32.jpg','2025-05-02 12:00:00','2025-05-02 12:00:00'),(33,33,3,4,3,'Nước ép cam hơi chua so với khẩu vị của mình.','assets/img/reviews/review-33.jpg','2025-05-03 15:00:00','2025-05-03 15:00:00'),(34,34,4,5,5,'Pizza hải sản ngon, lớp phô mai tan chảy!','assets/img/reviews/review-34.jpg','2025-05-04 18:30:00','2025-05-04 18:30:00'),(35,35,5,6,4,'Burger bò khá ngon, nhưng hơi nhiều sốt.','assets/img/reviews/review-35.jpg','2025-05-05 14:00:00','2025-05-05 14:00:00'),(36,36,6,7,5,'Khoai tây chiên nóng giòn, không bị ỉu.','assets/img/reviews/review-36.jpg','2025-05-06 17:00:00','2025-05-06 17:00:00'),(37,37,7,8,3,'Bún bò hơi ít thịt, nhưng nước dùng ngon.','assets/img/reviews/review-37.jpg','2025-05-07 11:00:00','2025-05-07 11:00:00'),(38,38,8,9,5,'Cơm gà xối mỡ giòn ngon, nước sốt rất hợp.','assets/img/reviews/review-38.jpg','2025-05-08 09:30:00','2025-05-08 09:30:00'),(39,39,9,10,5,'Mì xào bò ngon, thịt mềm, sợi mì dai vừa phải.','assets/img/reviews/review-39.jpg','2025-05-09 13:15:00','2025-05-09 13:15:00'),(40,40,10,1,4,'Bánh flan mịn, caramel rất vừa miệng.','assets/img/reviews/review-40.jpg','2025-05-10 16:45:00','2025-05-10 16:45:00'),(41,41,11,2,5,'Kem dừa béo ngậy, ăn không bị ngấy.','assets/img/reviews/review-41.jpg','2025-05-11 11:00:00','2025-05-11 11:00:00'),(42,42,12,3,5,'Chè bưởi ngọt vừa, hạt bưởi giòn sật.','assets/img/reviews/review-42.jpg','2025-05-12 14:20:00','2025-05-12 14:20:00'),(43,43,13,4,5,'Tôm nướng muối ớt cay vừa, tôm tươi!','assets/img/reviews/review-43.jpg','2025-05-13 18:00:00','2025-05-13 18:00:00'),(44,44,14,5,4,'Mực xào sa tế ngon, nhưng hơi cay quá.','assets/img/reviews/review-44.jpg','2025-05-14 19:45:00','2025-05-14 19:45:00'),(45,45,15,6,5,'Hàu nướng phô mai thơm béo, tuyệt vời!','assets/img/reviews/review-45.jpg','2025-05-15 20:30:00','2025-05-15 20:30:00'),(46,46,16,7,5,'Ba chỉ nướng cháy cạnh, rất thơm.','assets/img/reviews/review-46.jpg','2025-05-16 12:45:00','2025-05-16 12:45:00'),(47,47,17,8,4,'Xiên que tổng hợp đa dạng, nước chấm ngon.','assets/img/reviews/review-47.jpg','2025-05-17 14:30:00','2025-05-17 14:30:00'),(48,48,18,9,5,'Sườn nướng BBQ sốt đậm đà, thịt mềm.','assets/img/reviews/review-48.jpg','2025-05-18 16:10:00','2025-05-18 16:10:00'),(49,49,19,10,4,'Lẩu Thái có nhiều topping, nước lẩu đậm đà.','assets/img/reviews/review-49.jpg','2025-05-19 18:30:00','2025-05-19 18:30:00'),(50,50,20,1,5,'Lẩu bò nhúng dấm ngon, thịt bò mềm.','assets/img/reviews/review-50.jpg','2025-05-20 20:15:00','2025-05-20 20:15:00'),(51,51,21,2,5,'Lẩu nấm chay thích hợp cho người ăn chay.','assets/img/reviews/review-51.jpg','2025-05-21 09:30:00','2025-05-21 09:30:00'),(52,52,22,3,4,'Cơm chay thập cẩm ngon, nhưng hơi ít.','assets/img/reviews/review-52.jpg','2025-05-22 12:00:00','2025-05-22 12:00:00'),(53,53,23,4,3,'Bún riêu chay hơi nhạt, cần thêm gia vị.','assets/img/reviews/review-53.jpg','2025-05-23 15:45:00','2025-05-23 15:45:00'),(54,54,24,5,5,'Gỏi cuốn chay tươi ngon, nước chấm ngon!','assets/img/reviews/review-54.jpg','2025-05-24 17:30:00','2025-05-24 17:30:00'),(55,55,25,6,5,'Bánh bông lan trứng muối béo ngậy.','assets/img/reviews/review-55.jpg','2025-05-25 19:00:00','2025-05-25 19:00:00'),(56,56,26,7,4,'Bánh mousse chanh dây thơm ngon.','assets/img/reviews/review-56.jpg','2025-05-26 11:45:00','2025-05-26 11:45:00'),(57,57,27,8,5,'Bánh tart phô mai ngon, béo!','assets/img/reviews/review-57.jpg','2025-05-27 14:15:00','2025-05-27 14:15:00'),(58,58,28,9,5,'Cá viên chiên giòn, không bị dầu.','assets/img/reviews/review-58.jpg','2025-05-28 16:00:00','2025-05-28 16:00:00'),(59,59,29,10,4,'Khô gà lá chanh hơi cay nhưng rất ngon.','assets/img/reviews/review-59.jpg','2025-05-29 18:30:00','2025-05-29 18:30:00'),(60,60,30,1,5,'Snack rong biển giòn, ăn hoài không chán.','assets/img/reviews/review-60.jpg','2025-05-30 20:45:00','2025-05-30 20:45:00'),(61,31,1,2,5,'Cà phê rất thơm, vị đậm đà.','assets/img/reviews/review-1.jpg','2025-05-01 10:00:00','2025-05-01 10:00:00'),(62,32,1,3,4,'Cà phê ngon nhưng hơi đắng.','assets/img/reviews/review-2.jpg','2025-05-02 12:00:00','2025-05-02 12:00:00'),(63,33,1,4,5,'Thơm nức mũi, đúng gu mình thích.','assets/img/reviews/review-3.jpg','2025-05-03 15:00:00','2025-05-03 15:00:00'),(64,34,1,5,3,'Uống được nhưng không đặc biệt lắm.','assets/img/reviews/review-4.jpg','2025-05-04 18:30:00','2025-05-04 18:30:00'),(65,35,1,6,4,'Mình thích cà phê này, giá ổn.','assets/img/reviews/review-5.jpg','2025-05-05 14:00:00','2025-05-05 14:00:00'),(66,36,1,7,5,'Một ly buổi sáng là tỉnh cả ngày.','assets/img/reviews/review-6.jpg','2025-05-06 17:00:00','2025-05-06 17:00:00'),(67,37,2,8,5,'Trà sữa rất ngon, không quá ngọt.','assets/img/reviews/review-7.jpg','2025-05-07 11:00:00','2025-05-07 11:00:00'),(68,38,2,9,3,'Trân châu hơi cứng, cần nấu kỹ hơn.','assets/img/reviews/review-8.jpg','2025-05-08 09:30:00','2025-05-08 09:30:00'),(69,39,2,10,4,'Ngon nhưng hơi ít trân châu.','assets/img/reviews/review-9.jpg','2025-05-09 13:15:00','2025-05-09 13:15:00'),(70,40,2,1,5,'Món tủ của mình, rất ngon!','assets/img/reviews/review-10.jpg','2025-05-10 16:45:00','2025-05-10 16:45:00'),(71,41,2,2,5,'Trà thơm, sữa béo, trân châu dai ngon.','assets/img/reviews/review-11.jpg','2025-05-11 11:00:00','2025-05-11 11:00:00'),(72,42,2,3,4,'Không quá xuất sắc nhưng khá ổn.','assets/img/reviews/review-12.jpg','2025-05-12 14:20:00','2025-05-12 14:20:00'),(73,43,3,4,4,'Vị cam tự nhiên, uống rất mát.','assets/img/reviews/review-13.jpg','2025-05-13 18:00:00','2025-05-13 18:00:00'),(74,44,3,5,5,'Nước ép tươi ngon, không quá ngọt.','assets/img/reviews/review-14.jpg','2025-05-14 19:45:00','2025-05-14 19:45:00'),(75,45,3,6,3,'Hơi chua quá, cần thêm chút đường.','assets/img/reviews/review-15.jpg','2025-05-15 20:30:00','2025-05-15 20:30:00'),(76,46,3,7,4,'Sáng nào mình cũng uống, rất tốt.','assets/img/reviews/review-16.jpg','2025-05-16 12:45:00','2025-05-16 12:45:00'),(77,47,3,8,5,'Nước ép cam rất tươi, tốt cho sức khỏe.','assets/img/reviews/review-17.jpg','2025-05-17 14:30:00','2025-05-17 14:30:00'),(78,48,3,9,4,'Hương vị thơm mát, đáng thử.','assets/img/reviews/review-18.jpg','2025-05-18 16:10:00','2025-05-18 16:10:00'),(79,49,4,10,5,'Pizza hải sản quá ngon, phô mai chảy!','assets/img/reviews/review-19.jpg','2025-05-19 18:30:00','2025-05-19 18:30:00'),(80,50,4,1,4,'Hải sản tươi nhưng hơi ít sốt.','assets/img/reviews/review-20.jpg','2025-05-20 20:15:00','2025-05-20 20:15:00'),(81,51,4,2,5,'Mình thích pizza này, topping đầy đặn.','assets/img/reviews/review-21.jpg','2025-05-21 09:30:00','2025-05-21 09:30:00'),(82,52,4,3,5,'Vỏ bánh giòn, nhân đầy đặn.','assets/img/reviews/review-22.jpg','2025-05-22 12:00:00','2025-05-22 12:00:00'),(83,53,4,4,4,'Phô mai ngon nhưng hơi nhiều dầu.','assets/img/reviews/review-23.jpg','2025-05-23 15:45:00','2025-05-23 15:45:00'),(84,54,4,5,5,'Rất ngon, ăn kèm tương ớt là tuyệt.','assets/img/reviews/review-24.jpg','2025-05-24 17:30:00','2025-05-24 17:30:00'),(85,55,5,6,4,'Burger bò thịt dày, sốt ngon.','assets/img/reviews/review-25.jpg','2025-05-25 19:00:00','2025-05-25 19:00:00'),(86,56,5,7,5,'Bánh mì mềm, thịt bò rất ngon.','assets/img/reviews/review-26.jpg','2025-05-26 11:45:00','2025-05-26 11:45:00'),(87,57,5,8,3,'Hơi ít rau, sốt ngon nhưng hơi mặn.','assets/img/reviews/review-27.jpg','2025-05-27 14:15:00','2025-05-27 14:15:00'),(88,58,5,9,5,'Burger này là số 1, cực kỳ ngon!','assets/img/reviews/review-28.jpg','2025-05-28 16:00:00','2025-05-28 16:00:00'),(89,59,5,10,4,'Tốt, nhưng nên có thêm phô mai.','assets/img/reviews/review-29.jpg','2025-05-29 18:30:00','2025-05-29 18:30:00'),(90,60,5,1,5,'Burger bò rất đáng tiền, rất ngon!','assets/img/reviews/review-30.jpg','2025-05-30 20:45:00','2025-05-30 20:45:00'),(92,61,29,1,4,'Khô gà rất ngon',NULL,'2025-03-17 22:58:11','2025-03-17 23:01:42');
/*!40000 ALTER TABLE `productreviews` ENABLE KEYS */;
UNLOCK TABLES;

--
-- Table structure for table `products`
--

DROP TABLE IF EXISTS `products`;
/*!40101 SET @saved_cs_client     = @@character_set_client */;
/*!50503 SET character_set_client = utf8mb4 */;
CREATE TABLE `products` (
  `ProductID` int NOT NULL AUTO_INCREMENT,
  `Name` varchar(255) DEFAULT NULL,
  `Description` mediumtext,
  `Price` decimal(10,0) DEFAULT NULL,
  `StockQuantity` int DEFAULT NULL,
  `CreatedAt` datetime DEFAULT CURRENT_TIMESTAMP,
  `UpdatedAt` datetime DEFAULT CURRENT_TIMESTAMP ON UPDATE CURRENT_TIMESTAMP,
  `CategoryID` int DEFAULT NULL,
  `ShopID` int NOT NULL,
  PRIMARY KEY (`ProductID`),
  UNIQUE KEY `ProductID` (`ProductID`),
  KEY `ShopID` (`ShopID`),
  KEY `CategoryID` (`CategoryID`),
  CONSTRAINT `products_ibfk_1` FOREIGN KEY (`ShopID`) REFERENCES `shop` (`ShopID`) ON DELETE CASCADE ON UPDATE CASCADE,
  CONSTRAINT `products_ibfk_2` FOREIGN KEY (`CategoryID`) REFERENCES `categories` (`CategoryID`) ON DELETE CASCADE ON UPDATE CASCADE
) ENGINE=InnoDB AUTO_INCREMENT=31 DEFAULT CHARSET=utf8mb4 COLLATE=utf8mb4_0900_ai_ci;
/*!40101 SET character_set_client = @saved_cs_client */;

--
-- Dumping data for table `products`
--

LOCK TABLES `products` WRITE;
/*!40000 ALTER TABLE `products` DISABLE KEYS */;
INSERT INTO `products` VALUES (1,'Cà phê đen','Cà phê pha phin nguyên chất, đậm đà.',25000,99,'2025-03-04 21:05:13','2025-03-13 23:35:55',1,1),(2,'Trà sữa trân châu','Trà sữa thơm ngon, trân châu dai giòn.',35000,80,'2025-03-04 21:05:13','2025-03-04 21:05:13',1,1),(3,'Nước ép cam','Nước ép cam nguyên chất, không đường.',30000,90,'2025-03-04 21:05:13','2025-03-04 21:05:13',1,1),(4,'Pizza hải sản','Pizza với nhân tôm, mực, phô mai.',150000,40,'2025-03-04 21:05:13','2025-03-04 21:05:13',2,2),(5,'Burger bò','Burger kẹp thịt bò tươi ngon, sốt đặc biệt.',60000,50,'2025-03-04 21:05:13','2025-03-04 21:05:13',2,2),(6,'Khoai tây chiên','Khoai tây chiên giòn rụm, chấm sốt đặc biệt.',30000,100,'2025-03-04 21:05:13','2025-03-04 21:05:13',2,2),(7,'Bún bò Huế','Bún bò truyền thống với nước dùng đậm đà.',50000,70,'2025-03-04 21:05:13','2025-03-04 21:05:13',3,3),(8,'Cơm gà xối mỡ','Cơm gà giòn rụm, nước sốt đậm vị.',60000,60,'2025-03-04 21:05:13','2025-03-04 21:05:13',3,3),(9,'Mì xào bò','Mì xào mềm dai với thịt bò và rau củ.',55000,65,'2025-03-04 21:05:13','2025-03-04 21:05:13',3,3),(10,'Bánh flan','Bánh flan mềm mịn, caramel thơm ngon.',25000,80,'2025-03-04 21:05:13','2025-03-04 21:05:13',4,4),(11,'Kem dừa','Kem dừa mát lạnh, béo ngậy.',40000,73,'2025-03-04 21:05:13','2025-03-18 11:51:57',4,4),(12,'Chè bưởi','Chè bưởi thanh mát, hạt bưởi giòn ngon.',35000,85,'2025-03-04 21:05:13','2025-03-04 21:05:13',4,4),(13,'Tôm nướng muối ớt','Tôm nướng cay nồng, thơm ngon.',180000,30,'2025-03-04 21:05:13','2025-03-04 21:05:13',5,5),(14,'Mực xào sa tế','Mực xào cay cay, hấp dẫn.',150000,40,'2025-03-04 21:05:13','2025-03-04 21:05:13',5,5),(15,'Hàu nướng phô mai','Hàu tươi nướng với lớp phô mai béo ngậy.',200000,25,'2025-03-04 21:05:13','2025-03-04 21:05:13',5,5),(16,'Ba chỉ nướng','Thịt ba chỉ nướng sốt mật ong.',120000,50,'2025-03-04 21:05:13','2025-03-04 21:05:13',6,6),(17,'Xiên que tổng hợp','Các loại xiên que nướng thơm ngon.',90000,60,'2025-03-04 21:05:13','2025-03-04 21:05:13',6,6),(18,'Sườn nướng BBQ','Sườn nướng sốt BBQ đặc biệt.',160000,35,'2025-03-04 21:05:13','2025-03-04 21:05:13',6,6),(19,'Lẩu Thái chua cay','Lẩu Thái chua cay, hải sản tươi ngon.',250000,20,'2025-03-04 21:05:13','2025-03-04 21:05:13',7,7),(20,'Lẩu bò nhúng dấm','Lẩu bò nhúng dấm chua thanh.',230000,25,'2025-03-04 21:05:13','2025-03-04 21:05:13',7,7),(21,'Lẩu nấm chay','Lẩu nấm chay thanh đạm.',200000,30,'2025-03-04 21:05:13','2025-03-04 21:05:13',7,7),(22,'Cơm chay thập cẩm','Cơm chay với nhiều món rau củ.',50000,40,'2025-03-04 21:05:13','2025-03-04 21:05:13',8,8),(23,'Bún riêu chay','Bún riêu chay với nước dùng thanh ngọt.',45000,50,'2025-03-04 21:05:13','2025-03-04 21:05:13',8,8),(24,'Gỏi cuốn chay','Gỏi cuốn rau củ, chấm sốt bơ đậu phộng.',40000,60,'2025-03-04 21:05:13','2025-03-04 21:05:13',8,8),(25,'Bánh bông lan trứng muối','Bánh bông lan trứng muối béo ngậy.',70000,45,'2025-03-04 21:05:13','2025-03-04 21:05:13',9,9),(26,'Bánh mousse chanh dây','Bánh mousse chanh dây chua ngọt.',60000,50,'2025-03-04 21:05:13','2025-03-04 21:05:13',9,9),(27,'Bánh tart phô mai','Bánh tart phô mai tan chảy.',75000,40,'2025-03-04 21:05:13','2025-03-04 21:05:13',9,9),(28,'Cá viên chiên','Cá viên chiên giòn, sốt me chua ngọt.',30000,100,'2025-03-04 21:05:13','2025-03-04 21:05:13',11,10),(29,'Khô gà lá chanh','Khô gà lá chanh thơm ngon.',45000,80,'2025-03-04 21:05:13','2025-03-04 21:05:13',11,10),(30,'Snack rong biển','Rong biển sấy giòn, vị cay nhẹ.',35000,90,'2025-03-04 21:05:13','2025-03-04 21:05:13',11,10);
/*!40000 ALTER TABLE `products` ENABLE KEYS */;
UNLOCK TABLES;

--
-- Table structure for table `shipper`
--

DROP TABLE IF EXISTS `shipper`;
/*!40101 SET @saved_cs_client     = @@character_set_client */;
/*!50503 SET character_set_client = utf8mb4 */;
CREATE TABLE `shipper` (
  `ShipperID` int NOT NULL AUTO_INCREMENT,
  `FullName` varchar(255) DEFAULT NULL,
  `Email` varchar(255) DEFAULT NULL,
  `PhoneNumber` varchar(255) DEFAULT NULL,
  `Status` varchar(255) DEFAULT NULL,
  `CreatedAt` datetime DEFAULT CURRENT_TIMESTAMP,
  `UpdatedAt` datetime DEFAULT CURRENT_TIMESTAMP ON UPDATE CURRENT_TIMESTAMP,
  PRIMARY KEY (`ShipperID`),
  UNIQUE KEY `ShipperID` (`ShipperID`)
) ENGINE=InnoDB AUTO_INCREMENT=2 DEFAULT CHARSET=utf8mb4 COLLATE=utf8mb4_0900_ai_ci;
/*!40101 SET character_set_client = @saved_cs_client */;

--
-- Dumping data for table `shipper`
--

LOCK TABLES `shipper` WRITE;
/*!40000 ALTER TABLE `shipper` DISABLE KEYS */;
INSERT INTO `shipper` VALUES (1,'Nguyễn Văn A','nguyenvana@example.com','0987654321','Đang hoạt động','2025-03-04 21:25:51','2025-03-04 21:25:51');
/*!40000 ALTER TABLE `shipper` ENABLE KEYS */;
UNLOCK TABLES;

--
-- Table structure for table `shipperreviews`
--

DROP TABLE IF EXISTS `shipperreviews`;
/*!40101 SET @saved_cs_client     = @@character_set_client */;
/*!50503 SET character_set_client = utf8mb4 */;
CREATE TABLE `shipperreviews` (
  `ReviewID` int NOT NULL AUTO_INCREMENT,
  `ShipperID` int DEFAULT NULL,
  `CustomerID` int DEFAULT NULL,
  `OrderID` int DEFAULT NULL,
  `Rating` int DEFAULT NULL,
  `Comment` mediumtext,
  `CreatedAt` datetime DEFAULT CURRENT_TIMESTAMP,
  `UpdatedAt` datetime DEFAULT CURRENT_TIMESTAMP ON UPDATE CURRENT_TIMESTAMP,
  PRIMARY KEY (`ReviewID`),
  UNIQUE KEY `ReviewID` (`ReviewID`),
  KEY `ShipperID` (`ShipperID`),
  KEY `CustomerID` (`CustomerID`),
  KEY `OrderID` (`OrderID`),
  CONSTRAINT `shipperreviews_ibfk_1` FOREIGN KEY (`ShipperID`) REFERENCES `shipper` (`ShipperID`) ON DELETE CASCADE ON UPDATE CASCADE,
  CONSTRAINT `shipperreviews_ibfk_2` FOREIGN KEY (`CustomerID`) REFERENCES `customers` (`CustomerID`) ON DELETE CASCADE ON UPDATE CASCADE,
  CONSTRAINT `shipperreviews_ibfk_3` FOREIGN KEY (`OrderID`) REFERENCES `orders` (`OrderID`) ON DELETE CASCADE ON UPDATE CASCADE
) ENGINE=InnoDB AUTO_INCREMENT=42 DEFAULT CHARSET=utf8mb4 COLLATE=utf8mb4_0900_ai_ci;
/*!40101 SET character_set_client = @saved_cs_client */;

--
-- Dumping data for table `shipperreviews`
--

LOCK TABLES `shipperreviews` WRITE;
/*!40000 ALTER TABLE `shipperreviews` DISABLE KEYS */;
INSERT INTO `shipperreviews` VALUES (1,1,1,1,5,'Giao hàng nhanh, đóng gói cẩn thận.','2025-05-01 10:00:00','2025-05-01 10:00:00'),(2,1,2,2,4,'Đúng hẹn nhưng hơi trễ một chút.','2025-05-02 12:00:00','2025-05-02 12:00:00'),(3,1,3,3,5,'Rất thân thiện, hỗ trợ tốt.','2025-05-03 15:00:00','2025-05-03 15:00:00'),(4,1,4,4,3,'Hàng đến nơi bị méo hộp, cần cẩn thận hơn.','2025-05-04 18:30:00','2025-05-04 18:30:00'),(5,1,5,5,4,'Giao hàng nhanh, đóng gói tốt.','2025-05-05 14:00:00','2025-05-05 14:00:00'),(6,1,6,6,5,'Shipper vui vẻ, tận tình.','2025-05-06 17:00:00','2025-05-06 17:00:00'),(7,1,7,7,5,'Giao hàng sớm hơn mong đợi.','2025-05-07 11:00:00','2025-05-07 11:00:00'),(8,1,8,8,4,'Hơi chậm nhưng vẫn ổn.','2025-05-08 09:30:00','2025-05-08 09:30:00'),(9,1,9,9,3,'Không nhiệt tình lắm.','2025-05-09 13:15:00','2025-05-09 13:15:00'),(10,1,10,10,5,'Shipper rất chuyên nghiệp.','2025-05-10 16:45:00','2025-05-10 16:45:00'),(11,1,11,11,5,'Dịch vụ tuyệt vời.','2025-05-11 11:00:00','2025-05-11 11:00:00'),(12,1,12,12,4,'Giao hàng đúng giờ.','2025-05-12 14:20:00','2025-05-12 14:20:00'),(13,1,13,13,5,'Shipper thân thiện, dễ thương.','2025-05-13 18:00:00','2025-05-13 18:00:00'),(14,1,14,14,5,'Nhiệt tình, chu đáo.','2025-05-14 19:45:00','2025-05-14 19:45:00'),(15,1,15,15,3,'Giao hàng trễ.','2025-05-15 20:30:00','2025-05-15 20:30:00'),(16,1,16,16,4,'Ổn, không có gì để chê.','2025-05-16 12:45:00','2025-05-16 12:45:00'),(17,1,17,17,5,'Giao hàng đúng thời gian.','2025-05-17 14:30:00','2025-05-17 14:30:00'),(18,1,18,18,5,'Rất tốt, sẽ tiếp tục đặt hàng.','2025-05-18 16:10:00','2025-05-18 16:10:00'),(19,1,19,19,4,'Cẩn thận, nhiệt tình.','2025-05-19 18:30:00','2025-05-19 18:30:00'),(20,1,20,20,5,'Dịch vụ tuyệt vời.','2025-05-20 20:15:00','2025-05-20 20:15:00'),(21,1,1,21,5,'Dịch vụ ổn, không có gì phàn nàn.','2025-05-21 09:30:00','2025-03-09 01:39:40'),(22,1,2,22,3,'Thái độ chưa tốt lắm.','2025-05-22 12:00:00','2025-05-22 12:00:00'),(23,1,3,23,5,'Quá tuyệt vời, 10/10.','2025-05-23 15:45:00','2025-05-23 15:45:00'),(24,1,4,24,5,'Giao hàng nhanh, không có vấn đề gì.','2025-05-24 17:30:00','2025-05-24 17:30:00'),(25,1,5,25,4,'Ổn áp, hàng nguyên vẹn.','2025-05-25 19:00:00','2025-05-25 19:00:00'),(26,1,6,26,5,'Shipper thân thiện, sẽ tiếp tục ủng hộ.','2025-05-26 11:45:00','2025-05-26 11:45:00'),(27,1,7,27,3,'Giao hàng trễ một chút, nhưng hàng ổn.','2025-05-27 14:15:00','2025-05-27 14:15:00'),(28,1,8,28,5,'Giao hàng nhanh chóng.','2025-05-28 16:00:00','2025-05-28 16:00:00'),(29,1,9,29,4,'Không có gì để phàn nàn.','2025-05-29 18:30:00','2025-05-29 18:30:00'),(30,1,10,30,5,'Tuyệt vời!','2025-05-30 20:45:00','2025-05-30 20:45:00'),(31,1,11,31,5,'Shipper nhiệt tình, hàng đúng giờ.','2025-06-01 09:30:00','2025-06-01 09:30:00'),(32,1,12,32,4,'Giao hàng nhanh.','2025-06-02 14:00:00','2025-06-02 14:00:00'),(33,1,13,33,3,'Không nhiệt tình lắm.','2025-06-03 17:30:00','2025-06-03 17:30:00'),(34,1,14,34,5,'Giao hàng rất nhanh, cẩn thận.','2025-06-04 11:15:00','2025-06-04 11:15:00'),(35,1,15,35,5,'Tốt, shipper vui vẻ.','2025-06-05 12:30:00','2025-06-05 12:30:00'),(36,1,16,36,4,'Hàng đến đúng hẹn.','2025-06-06 15:45:00','2025-06-06 15:45:00'),(37,1,17,37,3,'Chậm hơn mong đợi.','2025-06-07 18:00:00','2025-06-07 18:00:00'),(38,1,18,38,5,'Shipper dễ thương.','2025-06-08 20:15:00','2025-06-08 20:15:00'),(39,1,19,39,4,'Đóng gói cẩn thận.','2025-06-09 11:00:00','2025-06-09 11:00:00'),(40,1,20,40,5,'Giao hàng nhanh.','2025-06-10 13:45:00','2025-06-10 13:45:00');
/*!40000 ALTER TABLE `shipperreviews` ENABLE KEYS */;
UNLOCK TABLES;

--
-- Table structure for table `shop`
--

DROP TABLE IF EXISTS `shop`;
/*!40101 SET @saved_cs_client     = @@character_set_client */;
/*!50503 SET character_set_client = utf8mb4 */;
CREATE TABLE `shop` (
  `ShopID` int NOT NULL AUTO_INCREMENT,
  `Name` varchar(255) NOT NULL,
  `Logo` varchar(255) DEFAULT NULL,
  `Location` varchar(255) DEFAULT NULL,
  `Owner` varchar(255) DEFAULT NULL,
  `CreatedAt` datetime DEFAULT CURRENT_TIMESTAMP,
  `UpdatedAt` datetime DEFAULT CURRENT_TIMESTAMP ON UPDATE CURRENT_TIMESTAMP,
  PRIMARY KEY (`ShopID`),
  UNIQUE KEY `ShopID` (`ShopID`)
) ENGINE=InnoDB AUTO_INCREMENT=11 DEFAULT CHARSET=utf8mb4 COLLATE=utf8mb4_0900_ai_ci;
/*!40101 SET character_set_client = @saved_cs_client */;

--
-- Dumping data for table `shop`
--

LOCK TABLES `shop` WRITE;
/*!40000 ALTER TABLE `shop` DISABLE KEYS */;
INSERT INTO `shop` VALUES (1,'Cà phê Hoàng Gia','assets/img/shop/cafe_hoang_gia.png','Hà Nội','Nguyễn Văn A','2025-03-04 21:01:08','2025-03-04 21:01:08'),(2,'Pizza Đại Phát','assets/img/shop/pizza_daiphat.png','TP. HCM','Trần Thị B','2025-03-04 21:01:08','2025-03-04 21:01:08'),(3,'Bún Bò Ngon','assets/img/shop/bun_bo_ngon.png','Đà Nẵng','Lê Hữu C','2025-03-04 21:01:08','2025-03-04 21:01:08'),(4,'Tráng Miệng 5 Sao','assets/img/shop/trang_mieng_5sao.png','Hải Phòng','Phạm Thị D','2025-03-04 21:01:08','2025-03-04 21:01:08'),(5,'Hải Sản Tươi Sống','assets/img/shop/hai_san_tuoi_song.png','Nha Trang','Đỗ Mạnh E','2025-03-04 21:01:08','2025-03-04 21:01:08'),(6,'BBQ Nướng Ngon','assets/img/shop/bbq_nuong_ngon.png','TP. HCM','Võ Hồng F','2025-03-04 21:01:08','2025-03-04 21:01:08'),(7,'Lẩu Đệ Nhất','assets/img/shop/lau_de_nhat.png','Huế','Hoàng Văn G','2025-03-04 21:01:08','2025-03-04 21:01:08'),(8,'Nhà Hàng Chay An Lạc','assets/img/shop/chay_an_lac.png','Đà Lạt','Nguyễn Hữu H','2025-03-04 21:01:08','2025-03-04 21:01:08'),(9,'Tiệm Bánh Ngọt Sài Gòn','assets/img/shop/banh_ngot_sg.png','TP. HCM','Trần Quỳnh I','2025-03-04 21:01:08','2025-03-04 21:01:08'),(10,'Quán Ăn Vặt Thanh Xuân','assets/img/shop/an_vat_thanh_xuan.png','Hà Nội','Phan Minh J','2025-03-04 21:01:08','2025-03-04 21:01:08');
/*!40000 ALTER TABLE `shop` ENABLE KEYS */;
UNLOCK TABLES;
/*!40103 SET TIME_ZONE=@OLD_TIME_ZONE */;

/*!40101 SET SQL_MODE=@OLD_SQL_MODE */;
/*!40014 SET FOREIGN_KEY_CHECKS=@OLD_FOREIGN_KEY_CHECKS */;
/*!40014 SET UNIQUE_CHECKS=@OLD_UNIQUE_CHECKS */;
/*!40101 SET CHARACTER_SET_CLIENT=@OLD_CHARACTER_SET_CLIENT */;
/*!40101 SET CHARACTER_SET_RESULTS=@OLD_CHARACTER_SET_RESULTS */;
/*!40101 SET COLLATION_CONNECTION=@OLD_COLLATION_CONNECTION */;
/*!40111 SET SQL_NOTES=@OLD_SQL_NOTES */;

-- Dump completed on 2025-03-21  0:47:58
